close,epoch,high,low,open
840.28,1772295600,844.67,838.35,844.22
841.57,1772295900,842.47,840.16,840.25
839.69,1772296200,841.81,838.47,841.64
838.61,1772296500,841.71,838.2,839.79
839.84,1772296800,839.95,837.34,838.78
840.23,1772297100,841.06,838.88,840.15
835.07,1772297400,840.26,834.99,840.1
833.4,1772297700,837.14,833.4,835.01
835.62,1772298000,836.96,833.01,833.64
836.99,1772298300,837.47,835.02,835.67
837.48,1772298600,839.03,836.41,837.21
836.19,1772298900,837.81,834.66,837.32
832.83,1772299200,836.94,832.33,836.04
828.93,1772299500,833.64,828.92,832.84
827.93,1772299800,830.67,827.72,829.13
823.65,1772300100,827.91,823.14,827.77
829.05,1772300400,831.09,823.56,823.72
829.43,1772300700,831.21,827.95,828.76
828.6,1772301000,830.22,827.06,829.04
827.07,1772301300,828.5,825.67,828.5
822.67,1772301600,827.4,822.13,827.13
820.9,1772301900,823.38,820.62,822.75
819.03,1772302200,821.38,818.95,821.04
822.77,1772302500,822.87,818.19,819.23
821.88,1772302800,825.21,821.51,822.62
820.62,1772303100,821.83,819.3,821.65
823.21,1772303400,823.96,820.27,820.36
824.81,1772303700,825.63,822.29,823.29
825.37,1772304000,828.0,824.05,824.98
824.94,1772304300,825.96,823.28,825.32
820.55,1772304600,824.7,820.07,824.69
822.55,1772304900,824.25,818.67,820.74
825.29,1772305200,825.29,821.21,822.5
826.91,1772305500,828.5,825.14,825.6
823.14,1772305800,827.43,823.0,827.0
823.21,1772306100,825.68,821.63,822.78
820.77,1772306400,823.19,819.94,823.17
820.94,1772306700,823.07,820.79,821.12
820.36,1772307000,820.69,817.99,820.23
821.86,1772307300,821.98,819.9,820.0
819.05,1772307600,822.24,818.21,822.23
819.18,1772307900,820.25,817.86,819.02
818.98,1772308200,821.22,818.81,819.47
822.2,1772308500,822.9,819.04,819.36
824.02,1772308800,824.33,820.78,821.99
827.51,1772309100,827.51,823.57,824.03
828.84,1772309400,829.2,825.16,827.56
829.54,1772309700,829.58,827.53,828.84
833.04,1772310000,833.57,829.13,829.66
830.13,1772310300,832.95,828.67,832.82
830.68,1772310600,831.59,828.62,829.64
830.53,1772310900,832.5,830.12,830.79
832.33,1772311200,832.98,828.72,830.7
836.35,1772311500,836.61,831.76,832.54
834.7,1772311800,837.13,832.95,836.43
836.18,1772312100,836.43,833.25,834.75
834.08,1772312400,838.1,834.08,835.93
831.93,1772312700,835.53,831.84,834.23
837.4,1772313000,837.4,831.04,831.92
839.44,1772313300,840.28,836.23,837.1
834.0,1772313600,839.67,832.86,839.43
833.68,1772313900,834.55,832.24,834.02
836.59,1772314200,836.79,833.29,834.27
838.46,1772314500,839.56,836.26,836.55
836.49,1772314800,841.61,835.44,838.28
834.34,1772315100,836.94,833.54,836.19
834.21,1772315400,836.26,833.46,834.36
833.01,1772315700,834.65,831.92,834.36
830.41,1772316000,833.36,830.27,833.19
826.94,1772316300,830.36,826.53,830.36
823.75,1772316600,827.27,823.75,826.35
824.74,1772316900,824.74,822.95,823.98
822.64,1772317200,825.31,822.51,824.83
820.78,1772317500,823.09,820.74,822.98
818.63,1772317800,821.53,818.45,820.79
818.63,1772318100,821.22,817.97,818.72
818.28,1772318400,821.95,817.44,818.99
818.7,1772318700,819.49,817.64,818.53
825.0,1772319000,825.57,818.93,818.93
827.93,1772319300,827.93,823.44,824.93
824.48,1772319600,828.13,824.48,827.75
823.51,1772319900,825.71,823.09,824.46
821.06,1772320200,824.88,820.68,823.31
823.03,1772320500,823.73,820.89,821.28
823.32,1772320800,824.76,821.58,822.66
824.35,1772321100,825.63,822.18,823.36
822.99,1772321400,826.92,822.39,824.52
820.04,1772321700,824.73,819.27,823.14
819.29,1772322000,820.73,817.15,820.22
818.46,1772322300,819.94,817.74,819.44
818.13,1772322600,820.38,817.37,818.7
822.84,1772322900,823.09,818.04,818.59
822.38,1772323200,823.72,820.55,823.27
823.09,1772323500,824.89,821.47,822.14
819.68,1772323800,823.99,818.46,823.07
822.15,1772324100,822.55,818.04,819.9
824.02,1772324400,825.11,821.13,821.75
824.73,1772324700,826.28,822.77,824.13
824.03,1772325000,826.44,823.58,824.88
819.05,1772325300,825.32,819.05,823.95
814.96,1772325600,818.99,813.73,818.81
817.91,1772325900,817.91,813.99,814.8
815.71,1772326200,818.63,813.66,818.18
819.7,1772326500,819.75,813.72,815.57
816.88,1772326800,819.33,814.38,819.24
815.18,1772327100,817.25,812.93,816.86
817.0,1772327400,817.87,814.19,815.28
815.38,1772327700,816.92,815.18,816.87
819.15,1772328000,819.92,815.22,815.22
819.12,1772328300,820.64,817.54,819.16
817.01,1772328600,820.09,815.8,819.3
813.48,1772328900,817.93,813.26,817.05
816.52,1772329200,816.52,811.17,813.69
818.9,1772329500,818.9,815.63,816.58
817.84,1772329800,821.88,817.6,819.27
815.64,1772330100,818.2,815.3,817.9
809.29,1772330400,816.89,809.29,815.9
809.2,1772330700,810.14,806.67,809.37
805.97,1772331000,809.79,804.91,809.23
807.36,1772331300,808.61,805.53,805.94
809.61,1772331600,809.7,805.26,806.93
810.49,1772331900,811.06,808.25,809.43
808.69,1772332200,811.59,807.4,810.96
812.43,1772332500,812.53,808.36,808.9
812.57,1772332800,814.8,810.74,812.19
815.05,1772333100,817.25,812.41,812.41
815.77,1772333400,818.31,814.15,814.91
816.92,1772333700,817.22,814.7,815.84
816.61,1772334000,818.57,816.16,817.04
818.99,1772334300,819.25,815.98,817.01
817.31,1772334600,820.08,816.97,818.89
815.47,1772334900,817.83,814.41,817.14
815.34,1772335200,815.6,813.43,815.54
820.96,1772335500,821.46,815.26,815.49
823.86,1772335800,824.75,819.43,821.01
821.17,1772336100,825.28,820.44,824.08
819.83,1772336400,822.04,818.82,821.01
817.4,1772336700,820.99,817.35,819.74
814.72,1772337000,818.16,812.44,817.54
812.54,1772337300,815.16,812.51,814.77
813.4,1772337600,814.34,810.62,812.45
814.12,1772337900,815.55,812.25,813.12
815.82,1772338200,816.66,813.93,813.93
817.17,1772338500,818.96,815.85,815.85
818.43,1772338800,819.54,815.25,816.67
816.85,1772339100,819.44,816.06,818.4
819.76,1772339400,819.87,816.16,816.81
819.3,1772339700,822.31,818.51,819.55
819.41,1772340000,819.7,817.52,819.21
823.23,1772340300,824.39,819.18,819.45
821.94,1772340600,823.75,820.83,823.24
820.95,1772340900,822.04,819.21,821.57
823.66,1772341200,823.89,820.55,821.11
821.46,1772341500,824.21,821.15,823.63
822.87,1772341800,824.1,819.57,821.68
822.52,1772342100,824.29,821.97,822.68
818.36,1772342400,822.89,817.91,822.45
818.87,1772342700,819.14,815.97,818.22
819.79,1772343000,820.6,817.99,818.52
820.95,1772343300,820.95,816.9,819.81
818.73,1772343600,820.92,818.22,820.72
819.17,1772343900,819.82,817.29,819.0
820.6,1772344200,820.73,817.19,818.87
820.61,1772344500,820.97,818.34,820.7
820.81,1772344800,822.13,819.79,821.01
823.56,1772345100,825.01,820.69,820.69
823.95,1772345400,824.37,822.78,823.76
819.46,1772345700,823.97,819.28,823.71
823.06,1772346000,823.06,818.3,819.64
822.14,1772346300,823.73,821.44,822.89
822.72,1772346600,824.02,820.35,822.4
823.62,1772346900,823.71,821.72,822.69
824.04,1772347200,824.27,821.19,823.43
826.55,1772347500,827.12,823.49,824.14
826.33,1772347800,827.83,825.65,826.33
826.88,1772348100,827.97,824.76,826.27
826.6,1772348400,827.13,823.24,826.72
831.37,1772348700,831.94,824.7,826.62
827.34,1772349000,832.16,826.48,831.25
827.93,1772349300,830.12,827.1,827.41
830.25,1772349600,830.25,826.66,827.81
830.68,1772349900,833.22,830.27,830.49
826.63,1772350200,832.25,826.01,830.4
826.8,1772350500,827.69,824.3,826.53
826.62,1772350800,828.74,825.97,826.61
829.28,1772351100,829.79,825.95,826.45
832.6,1772351400,832.75,828.25,829.34
832.95,1772351700,833.97,831.18,832.28
833.18,1772352000,834.76,830.95,833.21
834.9,1772352300,835.71,833.02,833.43
835.33,1772352600,835.75,832.72,834.72
835.18,1772352900,835.5,832.8,835.02
834.95,1772353200,836.4,833.77,835.08
834.96,1772353500,835.83,832.87,835.29
837.61,1772353800,839.0,832.28,834.94
839.64,1772354100,842.75,837.17,837.6
835.22,1772354400,840.03,834.68,839.61
838.93,1772354700,839.26,835.44,835.72
845.3,1772355000,845.3,838.84,838.84
847.92,1772355300,847.92,843.83,845.26
846.5,1772355600,848.95,846.15,848.11
844.52,1772355900,846.89,843.84,846.38
845.9,1772356200,845.9,842.6,844.53
848.18,1772356500,848.4,844.93,845.83
847.91,1772356800,848.78,846.1,847.82
849.25,1772357100,850.47,847.65,847.87
843.74,1772357400,849.58,843.74,849.28
842.1,1772357700,843.55,838.75,843.24
842.67,1772358000,843.84,840.44,841.63
839.77,1772358300,844.18,839.33,842.73
839.31,1772358600,841.72,838.81,839.67
834.64,1772358900,839.45,834.19,839.45
834.21,1772359200,835.35,830.92,834.89
833.38,1772359500,834.27,831.14,834.15
830.01,1772359800,834.59,829.48,833.35
828.76,1772360100,830.7,827.36,830.03
825.95,1772360400,829.28,825.42,828.33
828.18,1772360700,829.12,825.38,825.8
829.04,1772361000,831.0,827.44,828.17
829.2,1772361300,831.0,828.48,828.97
833.46,1772361600,833.59,828.69,828.69
836.96,1772361900,837.91,833.27,833.5
835.24,1772362200,837.29,835.18,836.93
833.23,1772362500,835.52,831.62,835.12
832.82,1772362800,834.08,831.76,833.08
829.59,1772363100,832.91,829.47,832.91
828.77,1772363400,830.31,828.36,829.6
831.13,1772363700,832.36,828.56,828.87
831.49,1772364000,833.36,830.0,831.07
830.92,1772364300,832.1,828.04,831.83
828.93,1772364600,830.95,827.57,830.66
828.11,1772364900,828.98,827.01,828.72
828.65,1772365200,830.09,827.64,828.24
832.13,1772365500,832.29,828.55,828.55
829.5,1772365800,833.1,829.18,832.22
832.83,1772366100,833.24,828.28,829.77
830.57,1772366400,833.81,830.54,832.4
828.16,1772366700,830.45,827.54,830.45
826.53,1772367000,828.64,825.94,827.83
825.97,1772367300,826.88,823.55,826.68
823.76,1772367600,826.35,822.37,825.65
827.99,1772367900,828.88,823.97,823.97
825.97,1772368200,828.35,824.46,827.8
822.71,1772368500,826.83,822.02,826.02
819.36,1772368800,822.87,816.89,822.87
817.8,1772369100,820.48,817.5,819.56
815.09,1772369400,818.87,814.15,818.11
816.05,1772369700,817.12,814.12,815.81
816.28,1772370000,817.17,814.54,816.03
820.1,1772370300,820.1,815.92,816.32
823.25,1772370600,825.15,819.59,819.75
824.03,1772370900,826.82,821.61,823.11
825.25,1772371200,827.0,822.69,823.96
824.42,1772371500,826.87,823.82,825.33
826.29,1772371800,826.9,824.64,824.64
829.04,1772372100,829.17,825.19,826.42
832.03,1772372400,832.13,827.91,829.15
835.15,1772372700,835.29,832.36,832.36
834.02,1772373000,835.95,833.6,835.07
835.24,1772373300,835.61,831.65,834.14
840.47,1772373600,840.73,835.51,835.51
840.47,1772373900,840.72,836.96,840.5
841.08,1772374200,842.55,838.17,840.54
841.75,1772374500,842.87,840.15,841.15
843.75,1772374800,843.75,840.36,841.82
845.73,1772375100,846.87,843.69,843.92
845.07,1772375400,846.26,844.54,845.7
846.22,1772375700,846.95,843.78,844.96
844.3,1772376000,848.27,844.06,846.47
842.54,1772376300,846.58,840.49,844.74
838.76,1772376600,844.26,838.76,843.02
841.56,1772376900,843.86,838.7,838.95
838.12,1772377200,843.37,838.12,841.53
838.69,1772377500,839.83,837.04,838.3
836.3,1772377800,838.97,836.3,838.33
838.16,1772378100,838.5,835.0,836.22
836.16,1772378400,838.23,835.62,838.23
837.28,1772378700,839.11,835.5,836.04
839.57,1772379000,839.57,834.77,837.19
841.45,1772379300,842.2,837.82,839.63
838.9,1772379600,842.16,837.51,841.48
835.85,1772379900,839.12,834.88,838.87
832.71,1772380200,836.32,832.24,835.39
834.12,1772380500,834.93,831.64,832.38
836.36,1772380800,836.36,832.51,833.87
836.27,1772381100,837.65,834.58,836.57
837.82,1772381400,837.82,834.65,836.35
838.65,1772381700,838.98,834.97,837.44
840.05,1772382000,841.07,837.28,838.68
837.64,1772382300,840.21,837.42,840.06
838.9,1772382600,840.02,837.61,837.77
841.94,1772382900,842.45,838.37,838.62
841.61,1772383200,842.69,839.81,842.04
844.4,1772383500,844.4,839.83,841.77
841.87,1772383800,844.65,840.81,844.39
844.09,1772384100,845.11,841.12,842.18
846.21,1772384400,848.62,843.93,844.4
849.08,1772384700,850.66,845.98,846.05
855.01,1772385000,855.01,848.77,849.3
856.33,1772385300,858.89,855.04,855.04
853.08,1772385600,856.31,852.59,856.31
852.59,1772385900,853.74,851.28,853.34
853.76,1772386200,854.68,851.48,852.15
849.31,1772386500,855.2,848.98,853.94
847.66,1772386800,850.24,846.4,849.52
845.98,1772387100,847.32,843.6,847.32
851.46,1772387400,851.46,845.7,846.3
849.35,1772387700,851.62,847.82,851.45
848.32,1772388000,850.44,848.32,849.54
847.16,1772388300,850.7,847.16,848.04
847.25,1772388600,849.15,846.0,847.05
848.12,1772388900,848.38,845.15,847.32
848.41,1772389200,848.41,845.67,848.08
842.26,1772389500,849.27,841.43,848.25
840.42,1772389800,842.07,839.74,841.84
842.31,1772390100,843.63,839.42,840.36
843.3,1772390400,844.86,840.91,842.17
845.56,1772390700,845.85,843.15,843.38
847.12,1772391000,849.5,845.7,845.91
853.42,1772391300,853.79,847.3,847.3
853.22,1772391600,854.29,850.07,853.79
851.7,1772391900,854.0,851.27,853.31
852.73,1772392200,853.87,851.58,851.81
850.45,1772392500,852.93,850.44,852.54
849.37,1772392800,850.5,847.42,850.39
849.11,1772393100,849.69,846.12,849.13
843.24,1772393400,849.14,842.93,848.98
845.53,1772393700,845.93,842.03,843.27
844.02,1772394000,846.42,843.71,846.02
846.36,1772394300,846.62,843.15,844.04
843.31,1772394600,847.5,841.79,846.32
847.01,1772394900,847.72,842.99,843.18
849.27,1772395200,849.41,845.26,847.24
850.78,1772395500,851.6,847.55,849.18
852.42,1772395800,853.81,850.68,850.9
851.1,1772396100,854.27,849.97,852.44
853.21,1772396400,853.41,850.5,851.12
855.95,1772396700,856.27,851.6,853.44
855.08,1772397000,858.88,854.96,856.23
854.85,1772397300,855.59,852.7,855.16
850.5,1772397600,854.92,850.5,854.57
854.97,1772397900,854.97,849.99,850.64
853.1,1772398200,855.18,852.61,854.86
851.1,1772398500,853.82,848.54,853.19
848.31,1772398800,851.18,846.86,850.95
846.55,1772399100,848.44,846.05,848.19
846.36,1772399400,847.12,843.98,846.47
841.79,1772399700,846.35,841.79,846.35
838.24,1772400000,841.59,837.87,841.59
839.45,1772400300,840.78,838.35,838.5
834.89,1772400600,839.3,834.43,839.3
837.23,1772400900,837.44,835.08,835.08
839.5,1772401200,840.38,837.45,837.45
837.13,1772401500,841.9,835.35,839.67
840.03,1772401800,840.03,834.73,837.04
834.75,1772402100,839.92,834.75,839.25
838.87,1772402400,839.83,834.47,834.71
835.35,1772402700,839.21,834.39,838.91
836.49,1772403000,836.91,834.08,835.29
834.88,1772403300,838.12,834.71,836.29
836.31,1772403600,838.33,834.66,835.03
841.2,1772403900,841.2,835.51,836.56
841.4,1772404200,844.84,841.15,841.4
840.44,1772404500,843.5,840.14,841.63
843.0,1772404800,843.07,840.22,840.57
839.06,1772405100,843.5,838.09,843.06
838.56,1772405400,840.6,836.5,838.84
841.87,1772405700,841.89,837.84,839.02
843.33,1772406000,844.13,841.69,842.01
842.65,1772406300,843.79,840.91,843.33
845.69,1772406600,846.19,842.44,842.63
844.65,1772406900,847.42,842.09,845.77
846.75,1772407200,847.88,842.66,844.86
846.95,1772407500,849.6,846.39,846.72
850.52,1772407800,850.82,846.48,847.03
852.96,1772408100,853.57,850.38,850.38
856.23,1772408400,856.53,852.03,853.08
854.93,1772408700,857.96,854.36,856.2
856.74,1772409000,856.84,852.7,855.05
858.94,1772409300,859.55,855.78,856.51
862.46,1772409600,862.81,858.54,858.54
863.8,1772409900,865.01,861.56,862.62
867.37,1772410200,868.83,864.4,864.4
869.09,1772410500,870.1,866.16,867.55
872.98,1772410800,874.76,868.82,868.87
874.91,1772411100,875.97,872.6,872.84
878.03,1772411400,878.22,874.57,874.81
872.68,1772411700,880.25,872.68,877.79
872.22,1772412000,874.54,871.93,872.62
870.27,1772412300,872.16,869.35,872.06
870.07,1772412600,870.81,867.54,870.21
871.85,1772412900,871.85,869.69,869.9
872.91,1772413200,872.94,870.29,871.62
872.22,1772413500,873.78,871.07,873.11
877.06,1772413800,877.16,872.26,872.29
879.01,1772414100,879.01,876.73,877.08
875.76,1772414400,879.34,874.38,878.99
877.71,1772414700,878.29,874.66,875.53
875.84,1772415000,877.94,875.02,877.6
876.62,1772415300,879.22,876.01,876.06
875.43,1772415600,877.84,874.92,876.61
877.4,1772415900,877.4,873.81,875.39
877.43,1772416200,881.07,876.81,877.34
876.93,1772416500,879.38,876.78,877.38
879.97,1772416800,881.68,876.76,876.76
877.78,1772417100,881.62,877.44,880.13
874.82,1772417400,878.7,873.7,877.73
875.95,1772417700,877.31,874.55,874.55
876.9,1772418000,878.19,875.71,875.77
877.91,1772418300,878.99,876.69,876.96
880.54,1772418600,881.75,877.17,877.75
879.65,1772418900,882.12,879.56,880.65
879.12,1772419200,880.42,876.68,879.51
878.35,1772419500,882.46,878.07,879.27
875.59,1772419800,880.17,874.9,878.05
875.46,1772420100,876.68,873.66,875.56
875.49,1772420400,877.22,871.91,875.4
877.71,1772420700,878.63,874.08,875.5
881.07,1772421000,882.07,877.56,878.15
880.11,1772421300,881.2,878.06,881.17
880.49,1772421600,881.44,879.1,880.12
881.31,1772421900,883.7,881.05,881.05
880.8,1772422200,883.29,879.7,881.7
881.39,1772422500,881.39,878.16,880.67
885.11,1772422800,885.11,880.65,881.47
886.83,1772423100,888.15,884.28,885.3
882.93,1772423400,887.05,882.93,886.74
882.6,1772423700,883.43,881.07,883.01
880.98,1772424000,884.84,880.98,882.7
880.57,1772424300,881.9,878.81,881.02
878.38,1772424600,880.58,876.73,880.12
880.43,1772424900,880.72,877.65,878.6
878.69,1772425200,880.65,877.46,880.11
880.63,1772425500,882.57,878.46,878.63
875.03,1772425800,881.16,874.91,881.03
877.69,1772426100,878.04,875.39,875.57
877.29,1772426400,878.56,876.18,877.67
876.9,1772426700,877.67,875.64,877.18
876.09,1772427000,878.06,874.82,876.59
875.87,1772427300,879.47,874.46,876.36
870.82,1772427600,876.24,870.14,876.24
870.38,1772427900,871.7,868.87,870.94
866.85,1772428200,871.6,866.83,870.06
869.93,1772428500,870.59,866.69,866.89
871.18,1772428800,871.18,867.64,870.1
870.69,1772429100,873.21,870.35,871.16
867.61,1772429400,871.08,867.37,871.08
865.71,1772429700,867.76,865.66,867.64
863.94,1772430000,866.84,863.46,865.9
864.04,1772430300,865.49,860.71,864.03
862.22,1772430600,865.3,861.65,863.96
858.78,1772430900,863.78,858.78,862.5
856.45,1772431200,859.63,855.42,858.93
853.58,1772431500,856.58,853.13,856.58
850.63,1772431800,856.45,849.87,853.58
848.77,1772432100,851.47,847.43,850.89
848.65,1772432400,849.6,846.03,849.08
845.77,1772432700,850.52,845.77,848.73
844.4,1772433000,846.81,844.4,845.79
844.17,1772433300,846.26,843.41,844.6
845.44,1772433600,845.83,842.92,844.41
844.49,1772433900,846.97,843.41,845.51
845.67,1772434200,847.1,843.8,844.31
849.73,1772434500,849.92,845.43,845.52
852.8,1772434800,853.25,849.36,849.76
853.74,1772435100,854.3,851.47,852.66
854.09,1772435400,854.89,852.34,854.15
850.57,1772435700,853.74,849.34,853.74
850.74,1772436000,852.2,849.65,850.52
846.59,1772436300,851.55,845.82,850.68
842.41,1772436600,846.59,841.77,846.44
843.06,1772436900,844.52,841.46,842.37
848.17,1772437200,848.17,843.1,843.15
849.63,1772437500,849.63,845.66,848.07
853.88,1772437800,853.94,848.78,849.65
852.14,1772438100,854.08,850.74,853.85
848.33,1772438400,852.73,847.85,852.24
849.59,1772438700,850.14,847.61,848.22
846.89,1772439000,849.66,844.4,849.39
842.99,1772439300,846.79,842.38,846.79
846.18,1772439600,847.15,842.95,843.16
847.08,1772439900,848.41,846.01,846.26
844.93,1772440200,848.12,844.4,846.74
842.4,1772440500,846.76,842.4,845.06
849.94,1772440800,850.54,842.05,842.53
843.37,1772441100,850.39,843.04,850.18
839.29,1772441400,843.32,838.91,843.31
837.44,1772441700,842.3,837.44,838.97
839.04,1772442000,841.52,837.36,837.5
840.43,1772442300,840.43,836.92,838.99
838.38,1772442600,841.32,838.38,840.39
836.24,1772442900,839.68,835.59,838.4
835.12,1772443200,836.85,833.83,836.27
835.19,1772443500,836.8,832.94,835.39
833.55,1772443800,835.7,831.9,835.15
830.43,1772444100,833.41,830.13,833.35
829.76,1772444400,831.59,828.66,830.31
828.99,1772444700,829.98,826.13,829.54
826.8,1772445000,830.58,826.42,828.94
824.97,1772445300,827.01,824.48,826.43
821.94,1772445600,826.03,821.94,824.9
825.28,1772445900,825.93,820.87,821.73
827.2,1772446200,828.31,824.92,825.1
826.8,1772446500,827.93,824.29,827.48
826.52,1772446800,829.22,824.89,827.03
821.87,1772447100,826.9,821.01,826.48
823.69,1772447400,823.81,820.97,822.07
823.7,1772447700,824.94,822.52,823.85
817.49,1772448000,823.97,817.26,823.6
819.38,1772448300,819.44,817.04,817.57
820.23,1772448600,820.23,815.67,819.33
821.31,1772448900,823.55,819.6,820.17
823.4,1772449200,823.63,820.17,821.75
825.13,1772449500,825.89,822.78,823.44
823.59,1772449800,825.48,821.84,825.2
821.59,1772450100,823.4,820.84,823.27
819.03,1772450400,821.77,818.23,821.62
818.81,1772450700,820.74,817.69,819.08
815.69,1772451000,820.6,815.65,818.82
818.17,1772451300,818.66,815.62,815.83
817.24,1772451600,820.23,815.93,818.26
817.32,1772451900,818.93,816.97,817.2
820.54,1772452200,820.54,815.51,817.51
824.02,1772452500,824.5,820.57,820.76
825.85,1772452800,825.85,822.73,823.87
826.54,1772453100,828.41,825.14,825.87
823.75,1772453400,827.29,823.34,826.8
822.58,1772453700,824.51,821.42,823.9
820.57,1772454000,823.62,820.29,822.7
823.31,1772454300,825.28,820.7,820.93
825.35,1772454600,826.73,823.46,823.46
821.94,1772454900,825.18,821.0,825.18
821.54,1772455200,822.73,820.57,821.83
823.77,1772455500,824.36,819.96,821.55
828.38,1772455800,828.38,823.13,824.02
832.11,1772456100,832.99,827.9,828.36
835.4,1772456400,835.75,830.0,832.05
835.37,1772456700,837.26,834.9,835.49
837.09,1772457000,837.39,834.51,835.02
832.85,1772457300,837.14,832.52,837.03
827.49,1772457600,832.99,827.3,832.98
828.4,1772457900,829.22,825.28,827.38
826.54,1772458200,829.09,824.18,828.13
827.23,1772458500,829.31,826.24,826.42
827.07,1772458800,827.65,825.41,827.45
824.02,1772459100,827.46,822.6,826.75
822.14,1772459400,824.4,820.65,824.4
818.31,1772459700,822.94,818.19,822.32
819.12,1772460000,823.49,818.39,818.53
817.67,1772460300,819.24,816.52,819.24
820.9,1772460600,821.1,816.79,817.84
818.86,1772460900,821.55,817.73,820.99
819.53,1772461200,820.4,816.69,818.75
814.52,1772461500,819.94,814.52,819.76
817.89,1772461800,819.2,814.66,814.79
817.23,1772462100,817.9,813.89,817.67
821.37,1772462400,821.37,816.55,817.36
822.2,1772462700,823.02,819.29,821.01
821.56,1772463000,824.25,820.94,822.06
819.77,1772463300,822.87,819.57,821.79
821.67,1772463600,822.55,818.3,819.74
824.11,1772463900,825.49,821.41,821.65
822.2,1772464200,824.31,820.02,824.08
822.04,1772464500,824.11,820.89,822.04
820.48,1772464800,822.16,819.11,822.16
818.26,1772465100,820.61,815.85,820.61
821.66,1772465400,822.18,816.86,817.74
822.48,1772465700,823.48,821.66,821.82
827.17,1772466000,827.6,821.73,822.48
824.96,1772466300,828.09,824.96,826.97
826.46,1772466600,827.17,824.25,825.16
827.33,1772466900,828.15,825.28,826.41
826.56,1772467200,827.41,825.16,826.87
822.17,1772467500,827.34,822.15,826.52
823.82,1772467800,824.96,821.39,822.29
822.72,1772468100,824.47,821.26,824.19
822.88,1772468400,824.02,821.61,822.89
820.0,1772468700,823.05,818.13,822.96
816.9,1772469000,820.14,816.28,819.92
814.56,1772469300,817.43,814.43,816.64
817.36,1772469600,818.5,813.92,814.6
813.74,1772469900,818.22,813.6,817.29
816.42,1772470200,816.6,813.62,813.99
813.8,1772470500,817.78,812.87,816.08
816.43,1772470800,816.84,812.12,813.71
814.82,1772471100,816.83,814.03,816.45
815.76,1772471400,816.25,813.11,814.71
812.02,1772471700,815.95,809.32,815.87
814.34,1772472000,815.03,811.89,812.27
813.65,1772472300,814.46,811.06,814.46
812.2,1772472600,815.2,810.3,813.56
810.06,1772472900,812.71,807.05,812.02
807.48,1772473200,810.14,807.12,809.96
807.13,1772473500,808.21,805.6,807.6
806.35,1772473800,809.13,806.01,806.94
801.76,1772474100,806.64,800.6,806.47
800.72,1772474400,804.28,800.72,801.99
798.02,1772474700,800.72,795.51,800.72
799.26,1772475000,800.25,797.47,798.09
802.0,1772475300,802.07,799.2,799.21
809.54,1772475600,809.54,801.25,801.63
810.25,1772475900,811.89,807.32,809.6
806.71,1772476200,810.81,805.14,810.18
809.29,1772476500,810.02,804.73,806.38
805.74,1772476800,809.09,805.74,809.08
802.01,1772477100,806.07,801.2,805.55
801.55,1772477400,803.02,799.94,801.95
802.39,1772477700,803.26,800.39,801.66
804.07,1772478000,806.25,802.35,802.49
799.21,1772478300,805.43,799.21,804.02
796.29,1772478600,800.55,796.02,798.96
796.22,1772478900,796.8,794.35,796.48
799.53,1772479200,799.69,795.75,796.15
804.33,1772479500,804.33,799.17,799.53
805.22,1772479800,806.34,803.62,804.2
806.73,1772480100,809.01,805.04,805.14
803.91,1772480400,806.96,803.17,806.63
801.93,1772480700,804.46,798.75,803.88
804.67,1772481000,805.58,800.34,801.81
806.12,1772481300,806.69,801.49,804.4
804.21,1772481600,808.47,804.03,806.25
803.87,1772481900,805.59,802.69,804.22
808.38,1772482200,808.38,804.22,804.35
811.07,1772482500,811.36,807.33,808.19
806.96,1772482800,812.22,806.57,810.94
806.99,1772483100,808.2,805.02,806.68
806.02,1772483400,806.89,803.49,806.6
805.95,1772483700,806.4,803.54,806.01
803.29,1772484000,806.57,803.29,805.84
802.65,1772484300,804.98,802.36,803.74
806.15,1772484600,808.08,802.33,802.65
805.2,1772484900,807.98,805.13,805.95
806.77,1772485200,806.88,804.47,805.07
805.12,1772485500,807.17,804.62,806.64
801.06,1772485800,805.97,801.05,805.53
803.25,1772486100,804.05,801.34,801.34
800.72,1772486400,804.89,800.68,803.59
801.12,1772486700,802.51,800.62,800.62
798.69,1772487000,801.09,796.48,801.06
798.81,1772487300,799.23,796.13,798.74
801.42,1772487600,802.76,798.92,799.07
802.29,1772487900,803.75,801.23,801.45
806.5,1772488200,806.57,800.61,802.12
804.21,1772488500,808.95,804.12,805.8
806.07,1772488800,808.22,803.59,804.55
809.47,1772489100,810.06,805.67,806.15
810.73,1772489400,811.44,808.27,809.49
809.71,1772489700,814.0,809.65,810.48
805.11,1772490000,810.93,805.11,809.71
804.84,1772490300,807.59,803.4,805.16
804.65,1772490600,805.93,803.2,804.87
804.69,1772490900,805.05,803.23,804.73
806.01,1772491200,806.01,802.25,804.89
803.53,1772491500,806.21,802.87,805.9
806.02,1772491800,806.02,800.44,803.13
808.1,1772492100,808.29,805.43,806.08
808.84,1772492400,810.0,805.92,808.04
804.96,1772492700,809.0,804.39,809.0
810.54,1772493000,810.87,803.97,804.92
807.9,1772493300,811.89,807.9,810.92
806.6,1772493600,808.75,806.6,807.55
806.45,1772493900,808.16,805.02,806.3
807.36,1772494200,808.04,805.77,806.86
805.78,1772494500,807.52,805.69,807.52
803.35,1772494800,806.76,803.1,805.87
801.2,1772495100,803.95,800.66,803.5
803.44,1772495400,804.91,799.98,801.49
800.65,1772495700,803.54,800.09,803.06
802.17,1772496000,803.86,800.36,801.07
804.07,1772496300,804.23,801.35,802.12
801.82,1772496600,804.24,798.91,804.24
801.62,1772496900,802.54,798.98,801.81
797.91,1772497200,802.12,797.91,801.41
796.11,1772497500,799.64,796.11,798.22
799.91,1772497800,800.28,795.98,796.27
796.13,1772498100,800.67,796.04,799.88
796.16,1772498400,798.48,796.1,796.32
795.87,1772498700,797.31,793.48,796.32
793.38,1772499000,796.47,791.99,795.71
791.05,1772499300,793.54,791.05,793.26
791.55,1772499600,791.69,788.77,791.0
791.97,1772499900,796.25,791.43,791.75
790.76,1772500200,792.91,790.35,791.82
791.15,1772500500,792.09,789.13,790.64
789.89,1772500800,791.99,788.92,791.36
790.12,1772501100,791.42,788.6,790.09
788.78,1772501400,790.41,786.29,790.12
786.76,1772501700,789.19,785.57,788.65
787.22,1772502000,791.15,786.33,786.46
786.66,1772502300,789.85,786.08,787.1
791.2,1772502600,791.2,786.74,787.03
795.4,1772502900,796.87,790.97,791.56
797.55,1772503200,798.01,795.06,795.47
802.29,1772503500,802.3,797.56,797.56
801.1,1772503800,803.85,801.08,802.32
800.47,1772504100,801.52,799.58,801.26
794.76,1772504400,800.66,792.95,800.66
797.48,1772504700,800.16,794.17,794.99
798.83,1772505000,799.45,796.73,797.26
797.55,1772505300,799.24,796.31,798.72
799.97,1772505600,800.39,797.58,797.75
799.19,1772505900,800.92,797.29,800.01
800.33,1772506200,801.69,798.7,799.26
798.57,1772506500,800.3,797.02,800.3
800.26,1772506800,801.12,796.77,798.73
800.3,1772507100,801.46,798.0,800.18
798.22,1772507400,800.15,797.59,800.03
801.25,1772507700,803.0,797.65,798.46
803.97,1772508000,804.18,800.4,800.94
805.96,1772508300,806.65,803.29,804.09
807.82,1772508600,807.82,804.11,806.1
808.4,1772508900,808.9,804.99,807.95
810.58,1772509200,813.17,806.65,808.53
805.4,1772509500,810.45,804.16,810.45
807.48,1772509800,807.99,805.16,805.46
808.98,1772510100,810.14,806.83,807.57
808.12,1772510400,809.73,807.52,808.92
808.86,1772510700,809.98,807.89,808.26
810.52,1772511000,811.27,808.07,808.59
805.23,1772511300,810.93,805.23,810.62
801.49,1772511600,805.18,801.11,805.18
801.54,1772511900,802.79,800.5,801.72
802.18,1772512200,802.18,799.2,801.5
798.8,1772512500,803.72,797.75,802.09
796.37,1772512800,798.93,794.52,798.69
795.58,1772513100,797.9,795.07,796.33
794.01,1772513400,795.84,792.37,795.44
791.08,1772513700,794.05,789.67,794.05
793.9,1772514000,794.04,789.62,790.93
791.11,1772514300,794.11,790.56,793.64
790.48,1772514600,792.02,789.2,791.15
792.56,1772514900,793.9,790.54,790.54
791.27,1772515200,793.54,790.27,792.8
786.01,1772515500,791.57,785.99,791.33
781.21,1772515800,785.81,780.49,785.76
779.17,1772516100,781.1,778.2,780.99
779.47,1772516400,780.32,777.97,779.15
779.15,1772516700,779.69,777.73,779.37
779.9,1772517000,781.93,778.83,779.16
784.31,1772517300,784.6,778.98,779.98
782.76,1772517600,786.14,782.36,784.08
782.29,1772517900,783.45,781.0,782.76
781.06,1772518200,782.24,778.98,782.24
783.0,1772518500,783.14,779.73,781.29
784.76,1772518800,784.76,780.29,782.7
783.14,1772519100,785.14,782.95,784.54
784.49,1772519400,784.81,780.73,783.25
784.36,1772519700,786.26,783.65,784.61
783.38,1772520000,785.17,783.2,784.68
788.02,1772520300,788.03,782.41,783.32
786.34,1772520600,788.76,783.74,788.08
778.83,1772520900,786.28,778.69,786.28
775.8,1772521200,779.53,775.19,778.58
775.54,1772521500,777.94,774.86,775.97
780.57,1772521800,780.57,775.4,775.75
781.13,1772522100,782.54,779.67,780.86
781.29,1772522400,782.44,780.54,781.34
780.52,1772522700,781.1,778.19,781.02
779.15,1772523000,781.1,777.99,780.59
779.66,1772523300,780.86,778.59,779.1
784.1,1772523600,784.71,779.03,779.88
781.85,1772523900,785.25,781.85,784.13
786.24,1772524200,786.53,781.9,781.9
788.88,1772524500,789.47,786.22,786.22
791.61,1772524800,791.61,787.2,788.75
791.16,1772525100,792.61,789.87,791.7
794.56,1772525400,794.96,790.54,791.39
798.08,1772525700,799.06,794.6,794.71
798.54,1772526000,799.37,797.33,797.94
799.68,1772526300,800.65,798.09,798.5
795.63,1772526600,800.52,795.26,799.82
797.19,1772526900,801.03,795.15,795.67
795.04,1772527200,797.42,794.08,796.76
798.25,1772527500,798.67,794.18,795.31
798.03,1772527800,799.86,797.05,798.52
796.1,1772528100,798.78,793.81,798.2
797.62,1772528400,798.79,795.53,796.22
797.43,1772528700,797.43,793.75,797.23
796.09,1772529000,798.41,795.99,797.4
798.27,1772529300,798.36,794.67,795.77
794.94,1772529600,798.32,794.73,798.16
796.09,1772529900,797.15,794.28,794.8
793.87,1772530200,796.52,792.42,795.9
792.65,1772530500,795.31,792.61,793.88
792.73,1772530800,794.21,790.46,792.69
794.3,1772531100,795.8,791.84,792.76
796.96,1772531400,797.48,792.93,794.38
798.58,1772531700,799.12,796.57,797.18
798.67,1772532000,800.25,797.42,798.67
798.98,1772532300,799.96,797.55,798.72
803.36,1772532600,803.98,798.67,798.97
801.37,1772532900,803.75,800.67,803.46
798.31,1772533200,801.6,797.51,801.11
802.86,1772533500,803.08,798.53,798.55
803.68,1772533800,804.24,801.0,802.72
805.72,1772534100,806.16,803.82,803.82
806.63,1772534400,806.71,804.08,805.34
803.52,1772534700,806.65,802.13,806.23
797.74,1772535000,803.83,797.29,803.39
794.08,1772535300,798.89,794.08,798.01
793.55,1772535600,794.96,791.28,793.8
794.28,1772535900,795.71,793.64,793.67
793.02,1772536200,795.86,793.02,794.61
796.58,1772536500,797.27,791.96,792.94
799.05,1772536800,799.93,794.88,796.76
797.72,1772537100,800.02,796.31,799.0
796.88,1772537400,797.96,795.57,797.55
798.95,1772537700,799.18,796.86,796.86
800.54,1772538000,801.5,799.03,799.05
798.88,1772538300,800.41,798.27,800.41
798.02,1772538600,801.49,797.66,798.93
796.58,1772538900,799.14,795.29,798.05
796.55,1772539200,798.06,795.43,796.85
798.26,1772539500,799.18,796.42,796.56
801.73,1772539800,802.67,798.14,798.14
804.5,1772540100,804.67,799.89,801.89
800.96,1772540400,805.35,800.96,804.36
801.58,1772540700,802.12,799.75,801.0
801.39,1772541000,803.29,800.21,801.49
801.11,1772541300,802.31,799.11,801.4
802.27,1772541600,803.8,800.64,800.64
800.81,1772541900,802.86,800.12,802.16
797.53,1772542200,800.9,795.2,800.9
796.54,1772542500,798.03,796.28,797.35
793.54,1772542800,798.11,793.54,796.16
790.35,1772543100,793.27,788.58,793.27
788.53,1772543400,790.64,788.26,790.26
786.0,1772543700,789.37,785.97,788.46
784.07,1772544000,787.28,783.16,786.21
781.5,1772544300,784.47,780.54,784.18
779.76,1772544600,781.45,778.62,781.09
777.79,1772544900,781.29,777.0,779.34
773.71,1772545200,778.0,773.5,777.71
772.14,1772545500,774.39,771.8,773.39
776.32,1772545800,776.53,771.27,772.17
778.26,1772546100,780.39,776.1,776.17
778.01,1772546400,779.57,776.57,778.19
774.25,1772546700,777.98,774.13,777.93
777.88,1772547000,777.97,773.7,774.21
778.72,1772547300,779.83,776.67,777.77
775.43,1772547600,779.14,775.28,778.62
775.23,1772547900,777.5,775.03,775.69
770.12,1772548200,775.18,769.7,775.18
766.57,1772548500,771.33,765.84,770.08
766.8,1772548800,767.78,765.65,766.81
772.0,1772549100,772.0,766.62,767.13
772.63,1772549400,773.02,769.95,771.99
772.54,1772549700,773.02,771.33,772.7
770.42,1772550000,773.16,769.69,772.77
770.72,1772550300,773.0,769.03,770.24
768.85,1772550600,770.97,767.72,770.97
767.77,1772550900,769.53,767.38,768.9
766.57,1772551200,770.21,766.17,768.03
770.04,1772551500,770.2,764.84,766.39
767.29,1772551800,769.9,766.67,769.9
767.93,1772552100,768.23,766.43,766.86
764.79,1772552400,769.05,764.75,767.89
761.91,1772552700,765.2,761.2,764.92
762.78,1772553000,763.61,761.19,761.84
763.27,1772553300,764.04,760.9,762.84
757.25,1772553600,763.29,757.12,763.07
756.76,1772553900,760.62,756.67,757.08
755.77,1772554200,757.19,754.61,756.78
754.71,1772554500,756.24,753.44,755.95
758.84,1772554800,759.15,753.83,754.67
756.64,1772555100,759.08,755.01,758.77
756.31,1772555400,758.85,755.67,756.67
761.55,1772555700,762.13,756.24,756.24
759.2,1772556000,762.55,758.44,761.38
760.04,1772556300,760.98,758.82,759.4
761.2,1772556600,761.89,758.27,759.97
760.43,1772556900,761.88,759.66,761.02
761.86,1772557200,762.74,758.95,760.42
763.78,1772557500,765.05,761.36,761.71
770.93,1772557800,771.4,763.84,763.87
774.04,1772558100,774.47,771.04,771.04
775.85,1772558400,775.92,773.25,774.35
767.96,1772558700,775.84,766.95,775.51
770.94,1772559000,771.56,767.65,768.01
771.99,1772559300,773.23,769.54,770.66
770.94,1772559600,771.79,769.94,771.79
773.09,1772559900,773.38,769.53,770.9
775.03,1772560200,776.5,772.88,773.35
774.02,1772560500,777.36,773.85,775.09
776.08,1772560800,776.08,772.79,774.64
777.92,1772561100,778.82,775.73,776.23
776.43,1772561400,778.93,775.33,777.9
776.04,1772561700,777.04,774.63,776.33
777.36,1772562000,778.2,773.89,776.37
777.2,1772562300,777.27,774.58,777.21
777.07,1772562600,778.33,775.71,777.19
778.2,1772562900,778.59,773.68,777.16
778.75,1772563200,779.39,776.76,778.02
783.06,1772563500,784.22,778.61,778.62
787.69,1772563800,788.06,781.96,782.94
784.6,1772564100,787.79,784.33,787.61
784.17,1772564400,785.06,783.05,784.5
784.49,1772564700,785.23,782.54,784.0
782.05,1772565000,784.45,781.89,784.43
777.71,1772565300,782.92,777.27,781.99
776.5,1772565600,777.64,773.86,777.64
778.75,1772565900,779.7,776.54,776.66
777.16,1772566200,780.37,776.21,778.74
776.17,1772566500,777.15,774.39,777.13
777.13,1772566800,778.27,775.94,776.24
775.43,1772567100,777.96,774.38,777.34
776.8,1772567400,776.85,773.67,775.14
777.02,1772567700,777.33,775.03,776.96
774.17,1772568000,777.05,773.52,776.7
778.88,1772568300,778.88,773.58,774.14
778.72,1772568600,780.1,778.02,778.93
780.94,1772568900,781.37,777.99,778.84
779.46,1772569200,782.35,778.99,781.4
777.19,1772569500,780.99,777.14,779.64
778.43,1772569800,778.81,776.09,776.72
778.49,1772570100,780.1,777.89,778.46
777.56,1772570400,779.37,776.97,778.62
770.6,1772570700,777.68,770.6,777.51
767.5,1772571000,770.69,765.95,770.69
768.85,1772571300,769.38,766.45,767.42
768.74,1772571600,770.76,768.25,768.96
766.97,1772571900,770.11,766.97,768.76
769.76,1772572200,770.28,766.48,767.03
770.84,1772572500,771.87,768.2,769.85
770.22,1772572800,772.33,768.6,770.97
772.84,1772573100,772.88,769.19,769.92
769.69,1772573400,773.02,769.11,773.02
770.57,1772573700,770.71,768.62,769.33
766.76,1772574000,770.48,766.76,770.34
771.86,1772574300,772.23,767.01,767.01
771.83,1772574600,772.22,768.76,771.68
770.34,1772574900,773.42,770.34,772.08
770.12,1772575200,771.59,768.1,770.36
773.09,1772575500,773.64,769.25,769.98
771.87,1772575800,774.44,771.4,773.09
771.45,1772576100,773.42,771.02,771.92
773.36,1772576400,773.76,771.11,771.56
774.55,1772576700,774.55,771.02,773.17
772.61,1772577000,774.9,772.18,774.55
773.76,1772577300,774.03,770.65,772.22
773.85,1772577600,775.71,772.7,773.86
772.59,1772577900,774.24,770.2,773.75
774.14,1772578200,774.14,771.57,772.72
774.75,1772578500,775.32,772.29,774.24
775.08,1772578800,777.71,774.46,774.78
774.75,1772579100,776.83,774.21,775.16
779.31,1772579400,779.73,774.82,775.09
781.41,1772579700,782.22,778.67,779.58
779.97,1772580000,781.31,778.89,781.31
778.62,1772580300,780.7,777.53,780.25
779.0,1772580600,780.27,777.53,778.38
777.62,1772580900,779.94,776.29,779.01
778.24,1772581200,780.28,776.79,777.56
777.27,1772581500,779.27,776.38,778.27
780.29,1772581800,780.68,776.14,777.36
780.14,1772582100,780.74,778.69,780.43
776.47,1772582400,780.89,776.32,780.15
776.24,1772582700,777.57,774.48,776.53
778.95,1772583000,779.09,775.76,776.2
779.86,1772583300,780.05,777.23,778.9
781.69,1772583600,784.34,779.76,779.76
784.27,1772583900,785.03,781.03,781.82
784.73,1772584200,786.16,782.28,784.23
784.4,1772584500,784.89,782.43,784.69
786.13,1772584800,787.85,783.53,784.18
783.42,1772585100,785.78,781.16,785.65
787.25,1772585400,787.25,783.51,783.51
790.6,1772585700,790.83,787.12,787.63
788.71,1772586000,790.95,786.31,790.62
792.97,1772586300,793.47,788.82,788.83
794.09,1772586600,796.02,792.73,792.73
793.33,1772586900,795.45,792.49,793.81
792.08,1772587200,795.45,791.68,793.08
791.58,1772587500,793.96,790.04,792.13
794.95,1772587800,796.0,790.72,791.43
797.18,1772588100,797.31,794.35,794.84
799.83,1772588400,800.19,797.0,797.1
801.45,1772588700,801.45,798.77,799.57
802.51,1772589000,804.11,800.27,801.2
810.16,1772589300,810.57,802.51,802.51
810.09,1772589600,810.29,808.14,810.04
811.66,1772589900,811.87,809.74,810.08
813.47,1772590200,816.7,811.25,811.65
813.65,1772590500,814.35,811.86,813.61
814.53,1772590800,815.51,813.18,813.76
811.77,1772591100,815.23,811.72,814.41
812.97,1772591400,813.54,810.27,812.04
811.22,1772591700,814.29,810.74,813.51
812.54,1772592000,812.54,809.9,811.03
814.93,1772592300,816.71,811.26,812.43
818.25,1772592600,819.47,814.55,814.74
818.54,1772592900,819.36,816.74,818.34
816.05,1772593200,818.56,815.93,818.43
813.34,1772593500,816.37,812.88,815.66
811.73,1772593800,813.65,810.24,813.62
813.85,1772594100,813.98,810.38,811.8
811.92,1772594400,815.31,811.5,814.3
807.56,1772594700,812.26,806.76,811.86
803.2,1772595000,808.27,803.2,807.27
801.27,1772595300,805.35,800.44,803.18
801.59,1772595600,801.98,799.19,801.59
803.36,1772595900,803.36,800.21,801.53
801.9,1772596200,803.63,800.99,803.39
799.63,1772596500,802.81,797.29,802.06
798.58,1772596800,802.01,798.58,799.87
803.22,1772597100,804.07,798.62,798.62
805.18,1772597400,806.35,802.9,803.02
805.92,1772597700,808.96,804.89,804.93
805.06,1772598000,806.83,804.3,806.27
804.93,1772598300,805.03,801.89,805.03
807.13,1772598600,808.49,804.33,804.91
807.67,1772598900,808.91,806.09,806.85
805.85,1772599200,807.83,804.61,807.76
807.77,1772599500,808.29,804.46,806.02
810.71,1772599800,811.2,806.99,807.82
811.79,1772600100,812.55,809.35,810.61
808.51,1772600400,812.73,807.76,812.21
808.81,1772600700,810.47,807.9,808.84
804.23,1772601000,808.54,804.23,808.54
805.64,1772601300,806.13,802.57,804.16
804.0,1772601600,805.89,803.63,805.69
809.78,1772601900,809.78,803.85,803.92
807.29,1772602200,810.46,806.11,809.79
810.16,1772602500,811.25,807.52,807.53
812.61,1772602800,812.61,809.29,810.54
808.67,1772603100,812.75,807.33,812.55
807.32,1772603400,809.14,804.77,808.3
804.33,1772603700,808.21,804.33,807.52
809.27,1772604000,810.22,804.15,804.41
811.59,1772604300,813.01,808.42,809.18
810.15,1772604600,812.47,808.79,811.46
808.07,1772604900,810.06,807.91,810.05
808.85,1772605200,808.9,806.24,808.22
808.8,1772605500,809.45,807.17,808.67
806.21,1772605800,809.13,805.85,808.69
804.22,1772606100,806.52,802.86,806.35
804.18,1772606400,805.88,802.97,804.3
803.02,1772606700,804.7,800.86,804.49
803.04,1772607000,803.99,801.56,802.72
802.09,1772607300,803.67,801.47,802.83
800.17,1772607600,803.04,799.96,802.38
800.9,1772607900,801.2,798.71,800.04
802.13,1772608200,803.29,800.67,800.85
803.82,1772608500,803.86,800.85,802.31
804.95,1772608800,805.09,802.23,803.8
807.12,1772609100,807.78,803.81,804.73
811.67,1772609400,812.06,805.47,806.68
810.09,1772609700,812.3,808.95,812.27
814.35,1772610000,815.85,810.06,810.33
813.32,1772610300,816.63,812.42,814.36
814.14,1772610600,815.11,811.87,813.32
813.96,1772610900,815.18,812.19,814.56
815.67,1772611200,816.89,813.9,814.08
815.64,1772611500,816.02,813.78,815.67
819.64,1772611800,819.86,815.42,815.66
820.26,1772612100,820.85,817.21,819.78
819.48,1772612400,823.75,819.26,819.86
823.03,1772612700,824.27,819.29,819.62
824.5,1772613000,825.22,822.17,823.24
824.6,1772613300,824.93,822.52,824.27
822.51,1772613600,824.58,821.77,824.58
821.01,1772613900,823.22,820.49,822.66
827.12,1772614200,827.41,821.15,821.15
829.76,1772614500,829.76,826.21,827.07
829.55,1772614800,831.5,828.88,829.48
827.78,1772615100,830.53,827.29,829.82
830.1,1772615400,831.31,827.74,827.93
827.9,1772615700,830.06,825.14,830.06
825.93,1772616000,827.94,824.91,827.94
822.34,1772616300,826.05,820.96,825.91
822.14,1772616600,823.19,819.97,822.24
818.84,1772616900,822.9,817.71,822.16
821.2,1772617200,822.07,816.54,818.62
819.5,1772617500,822.14,819.06,821.41
818.92,1772617800,820.11,817.32,819.42
820.57,1772618100,822.21,818.65,819.19
817.03,1772618400,820.68,816.86,820.59
815.72,1772618700,817.38,813.94,816.64
812.9,1772619000,816.57,812.7,815.6
817.26,1772619300,817.71,811.33,813.16
820.56,1772619600,820.83,816.67,817.38
817.48,1772619900,820.64,816.89,820.52
821.37,1772620200,821.79,817.55,817.55
822.04,1772620500,822.04,817.73,821.52
821.78,1772620800,824.57,821.74,822.04
817.78,1772621100,822.56,817.78,821.19
818.19,1772621400,819.88,816.55,817.83
820.11,1772621700,821.93,817.78,817.99
824.88,1772622000,826.13,819.67,820.12
824.21,1772622300,826.09,823.38,824.42
825.04,1772622600,826.73,823.71,824.34
829.01,1772622900,829.01,824.54,824.94
828.89,1772623200,830.15,826.67,828.74
830.09,1772623500,830.1,827.02,828.82
831.85,1772623800,832.44,828.25,830.25
827.59,1772624100,831.83,826.28,831.82
829.3,1772624400,829.62,827.05,827.32
826.07,1772624700,829.82,825.57,829.32
819.77,1772625000,827.2,819.68,826.12
823.95,1772625300,823.95,818.87,819.55
830.41,1772625600,830.75,823.28,824.06
828.77,1772625900,830.45,827.2,830.21
828.12,1772626200,829.93,826.13,828.94
828.77,1772626500,828.77,826.17,828.18
831.36,1772626800,831.97,828.72,828.85
831.46,1772627100,833.83,830.32,831.32
832.51,1772627400,833.09,830.44,831.25
832.57,1772627700,832.9,830.43,832.58
831.89,1772628000,833.52,829.87,832.5
830.91,1772628300,832.79,829.53,831.88
827.69,1772628600,831.61,826.99,830.9
828.68,1772628900,829.28,827.16,827.59
827.01,1772629200,830.12,826.19,828.77
827.75,1772629500,827.95,824.31,826.93
832.5,1772629800,832.73,827.07,827.54
829.71,1772630100,832.42,827.01,832.42
829.8,1772630400,830.37,827.54,829.36
828.54,1772630700,830.27,827.26,830.16
829.18,1772631000,831.03,828.42,828.45
825.97,1772631300,829.25,825.03,829.25
826.36,1772631600,828.59,824.36,826.15
819.73,1772631900,825.77,819.3,825.77
819.92,1772632200,823.43,818.94,819.61
816.9,1772632500,819.84,816.53,819.84
818.63,1772632800,819.3,815.71,817.33
816.86,1772633100,819.06,815.76,818.62
809.06,1772633400,817.06,808.92,816.6
809.12,1772633700,809.72,807.44,809.07
809.63,1772634000,810.76,808.16,809.23
809.67,1772634300,811.8,809.06,809.75
810.48,1772634600,810.48,807.16,809.61
803.27,1772634900,810.54,803.27,810.27
799.24,1772635200,803.29,798.47,803.2
802.05,1772635500,802.05,797.56,799.17
802.95,1772635800,803.55,801.44,801.88
803.98,1772636100,804.21,802.39,802.62
800.9,1772636400,806.07,800.77,803.98
801.63,1772636700,803.68,800.55,801.27
798.24,1772637000,801.92,796.96,801.53
800.08,1772637300,800.9,798.29,798.29
796.65,1772637600,801.35,796.65,800.08
797.51,1772637900,798.33,796.21,796.67
800.61,1772638200,802.26,797.48,797.76
802.57,1772638500,803.56,799.26,800.37
802.12,1772638800,803.5,799.79,802.34
798.34,1772639100,802.83,798.15,801.75
797.69,1772639400,799.33,796.4,798.26
801.85,1772639700,802.74,797.55,797.91
800.71,1772640000,802.48,800.26,801.84
799.07,1772640300,800.9,797.91,800.35
799.69,1772640600,799.69,797.41,799.08
800.0,1772640900,802.87,799.51,799.73
801.35,1772641200,801.82,798.55,799.75
801.19,1772641500,802.01,798.33,801.13
800.22,1772641800,801.85,799.44,801.35
798.19,1772642100,800.95,797.71,800.31
801.09,1772642400,802.21,798.1,798.18
798.51,1772642700,801.67,797.75,800.93
799.9,1772643000,800.15,796.76,798.75
800.9,1772643300,802.75,799.83,799.99
798.22,1772643600,801.11,797.27,800.69
799.07,1772643900,799.13,796.63,798.13
799.99,1772644200,801.35,798.18,798.76
804.61,1772644500,805.29,799.97,800.12
806.04,1772644800,806.4,804.4,804.6
807.38,1772645100,807.64,805.04,805.73
808.46,1772645400,808.96,806.24,807.43
810.04,1772645700,811.84,808.09,808.47
813.5,1772646000,814.83,809.38,810.15
818.85,1772646300,819.4,813.19,813.54
823.08,1772646600,823.71,817.69,818.59
819.97,1772646900,824.51,819.38,822.95
820.86,1772647200,821.28,818.18,820.01
821.78,1772647500,823.42,820.55,821.15
819.12,1772647800,821.9,818.65,821.55
818.59,1772648100,820.06,817.67,819.3
816.74,1772648400,818.57,815.32,818.57
817.31,1772648700,817.41,813.46,816.44
816.48,1772649000,819.03,815.96,817.01
811.54,1772649300,816.59,811.44,816.25
807.49,1772649600,811.37,806.48,811.3
807.55,1772649900,807.83,805.48,807.4
811.87,1772650200,813.23,807.54,807.67
814.18,1772650500,815.2,811.82,811.82
807.64,1772650800,813.84,807.32,813.78
810.47,1772651100,810.78,805.3,807.47
810.85,1772651400,814.64,810.38,810.45
812.29,1772651700,813.41,810.21,810.61
809.82,1772652000,813.92,808.18,812.29
808.49,1772652300,810.12,807.76,809.7
804.95,1772652600,808.53,804.95,808.53
808.35,1772652900,808.71,804.08,805.0
808.09,1772653200,809.38,806.99,808.13
807.5,1772653500,809.82,806.7,808.0
810.17,1772653800,810.38,806.69,807.75
811.97,1772654100,813.87,808.94,810.04
813.28,1772654400,814.37,811.73,812.06
816.22,1772654700,817.02,811.83,813.04
815.94,1772655000,816.76,813.91,816.25
813.47,1772655300,815.99,813.37,815.74
815.98,1772655600,815.98,812.31,813.66
816.59,1772655900,817.98,815.55,816.25
818.97,1772656200,820.86,814.54,816.33
816.86,1772656500,819.47,816.28,819.06
817.85,1772656800,819.58,816.99,817.06
817.95,1772657100,818.29,815.48,817.96
817.47,1772657400,820.27,816.85,818.28
819.13,1772657700,822.06,816.87,817.38
818.05,1772658000,820.65,817.29,819.14
817.94,1772658300,818.63,816.13,817.77
820.47,1772658600,820.47,815.82,817.66
815.12,1772658900,821.41,813.89,820.3
813.59,1772659200,815.09,812.86,814.97
811.78,1772659500,813.51,810.95,813.49
812.05,1772659800,813.48,811.36,812.35
810.55,1772660100,814.24,810.17,812.27
807.71,1772660400,811.03,806.63,810.42
808.75,1772660700,809.78,807.32,808.16
804.95,1772661000,808.51,804.19,808.46
804.77,1772661300,805.72,802.37,804.71
806.38,1772661600,806.38,802.46,804.57
807.9,1772661900,807.9,804.13,806.51
807.18,1772662200,810.29,806.8,807.62
807.97,1772662500,809.15,807.12,807.12
804.93,1772662800,808.48,804.43,807.78
802.82,1772663100,805.58,801.62,805.16
803.76,1772663400,805.17,802.1,802.76
804.7,1772663700,807.38,803.23,803.54
804.88,1772664000,806.11,803.85,804.92
805.41,1772664300,805.86,803.7,805.1
808.17,1772664600,809.1,805.26,805.5
808.76,1772664900,810.97,806.16,808.48
810.64,1772665200,810.64,807.78,808.51
808.29,1772665500,811.96,807.77,810.74
807.63,1772665800,809.79,806.55,808.56
808.96,1772666100,810.6,807.53,807.53
809.84,1772666400,809.84,807.82,808.87
807.46,1772666700,809.55,805.5,809.55
803.47,1772667000,807.88,803.24,807.28
802.67,1772667300,806.81,802.12,803.82
802.22,1772667600,803.89,800.93,802.96
801.29,1772667900,804.33,801.06,802.2
798.18,1772668200,802.02,797.67,801.71
794.34,1772668500,798.18,793.76,798.11
792.71,1772668800,794.59,791.85,794.55
792.84,1772669100,794.25,791.0,792.29
791.69,1772669400,794.18,791.52,792.63
792.71,1772669700,793.1,790.55,791.47
794.86,1772670000,795.09,792.28,792.98
794.02,1772670300,796.17,792.02,794.74
797.45,1772670600,797.45,793.31,794.38
798.38,1772670900,799.21,795.79,797.51
795.82,1772671200,799.55,795.35,798.6
794.37,1772671500,797.78,793.34,795.6
792.55,1772671800,794.29,790.72,794.29
791.52,1772672100,792.99,790.55,792.72
789.52,1772672400,791.69,789.4,791.29
788.11,1772672700,789.6,787.08,789.33
787.82,1772673000,789.93,787.47,788.02
791.11,1772673300,791.11,786.32,788.0
790.94,1772673600,791.65,789.65,791.16
789.27,1772673900,790.98,786.37,790.92
788.81,1772674200,790.05,787.94,789.31
789.09,1772674500,789.52,787.19,789.02
789.07,1772674800,791.44,788.68,789.04
790.93,1772675100,792.43,788.58,789.12
788.45,1772675400,791.24,787.95,790.76
788.0,1772675700,790.52,787.15,788.39
790.4,1772676000,791.82,787.38,787.97
790.24,1772676300,791.87,789.04,790.53
786.0,1772676600,791.39,786.0,789.93
785.49,1772676900,786.31,783.64,786.31
786.15,1772677200,786.57,783.64,785.36
782.66,1772677500,786.16,780.51,786.16
786.12,1772677800,786.63,782.18,782.6
786.75,1772678100,787.08,784.69,786.13
785.14,1772678400,787.11,783.54,787.11
780.42,1772678700,786.47,779.92,785.26
783.7,1772679000,784.14,780.25,780.35
786.97,1772679300,788.51,782.44,783.54
784.71,1772679600,786.59,783.01,786.59
785.47,1772679900,785.89,783.49,784.73
785.25,1772680200,790.44,785.01,785.6
785.79,1772680500,785.79,782.57,785.11
783.01,1772680800,786.42,782.35,785.66
781.86,1772681100,785.38,781.68,783.12
778.8,1772681400,781.78,775.73,781.73
775.3,1772681700,780.34,774.82,779.06
774.84,1772682000,776.32,773.69,775.5
775.93,1772682300,777.85,775.17,775.17
773.27,1772682600,776.28,772.71,776.06
775.35,1772682900,775.54,773.07,773.43
773.43,1772683200,775.52,771.66,775.52
775.06,1772683500,776.52,772.95,773.33
776.06,1772683800,776.6,773.18,774.98
776.01,1772684100,776.41,773.68,776.07
778.22,1772684400,778.53,775.52,775.85
776.95,1772684700,779.16,775.81,778.28
773.9,1772685000,780.31,773.65,776.65
775.63,1772685300,777.6,774.12,774.21
775.39,1772685600,776.66,773.14,775.58
779.45,1772685900,779.45,775.69,775.69
780.54,1772686200,781.18,778.01,779.4
780.0,1772686500,781.22,778.63,780.17
780.6,1772686800,781.37,779.41,780.43
782.18,1772687100,783.89,780.55,780.55
784.38,1772687400,786.07,781.53,782.1
785.49,1772687700,787.4,784.29,784.87
787.18,1772688000,788.11,783.74,785.55
784.83,1772688300,787.01,782.85,786.97
786.13,1772688600,786.61,784.83,784.91
782.76,1772688900,786.44,782.4,786.3
784.46,1772689200,784.64,781.34,782.41
783.44,1772689500,785.6,782.97,784.62
784.72,1772689800,786.13,782.86,783.26
785.59,1772690100,787.61,784.69,784.69
785.78,1772690400,787.6,784.77,785.7
784.53,1772690700,786.57,783.06,785.78
787.75,1772691000,787.75,784.34,784.58
790.08,1772691300,790.39,786.91,787.82
789.14,1772691600,790.62,788.84,790.23
791.66,1772691900,793.92,788.88,789.24
793.7,1772692200,794.05,791.32,791.37
791.86,1772692500,794.35,791.05,793.7
788.59,1772692800,792.32,788.28,791.9
790.18,1772693100,790.18,787.14,788.3
787.11,1772693400,791.6,787.11,790.19
786.55,1772693700,787.99,784.84,787.39
785.5,1772694000,787.5,785.5,786.49
781.11,1772694300,785.33,779.91,785.33
782.63,1772694600,784.99,780.01,781.22
782.73,1772694900,783.78,781.05,782.72
782.12,1772695200,783.6,781.71,782.87
783.13,1772695500,785.47,782.26,782.26
782.0,1772695800,785.09,781.63,782.86
779.03,1772696100,782.57,779.03,782.06
776.52,1772696400,780.25,775.88,779.04
780.76,1772696700,781.98,775.65,776.6
780.37,1772697000,781.78,780.06,780.83
778.44,1772697300,781.39,777.28,780.41
778.49,1772697600,780.36,777.91,778.36
778.19,1772697900,779.38,777.33,778.46
779.08,1772698200,780.05,777.1,778.23
777.31,1772698500,778.91,774.23,778.73
778.85,1772698800,780.41,777.08,777.31
776.81,1772699100,779.31,776.79,778.82
777.48,1772699400,778.14,775.37,776.67
779.28,1772699700,779.93,776.22,777.34
779.62,1772700000,780.99,777.88,779.43
777.57,1772700300,780.6,776.53,779.44
772.1,1772700600,778.0,771.71,777.47
773.65,1772700900,773.96,771.32,772.45
773.86,1772701200,775.46,771.45,773.43
775.26,1772701500,776.21,773.62,773.91
774.38,1772701800,776.03,774.15,775.18
775.36,1772702100,775.76,773.24,774.31
771.68,1772702400,777.19,771.45,774.88
770.43,1772702700,772.18,768.43,771.52
772.6,1772703000,772.72,770.45,770.48
773.27,1772703300,773.27,769.44,772.82
775.89,1772703600,778.09,773.1,773.48
777.54,1772703900,777.54,774.08,775.86
774.35,1772704200,777.76,774.35,777.75
778.26,1772704500,778.5,774.04,774.04
776.16,1772704800,778.16,774.99,778.16
775.82,1772705100,778.03,775.05,776.23
777.92,1772705400,778.85,774.22,775.56
775.17,1772705700,778.68,774.5,778.14
777.34,1772706000,777.35,774.47,775.0
777.13,1772706300,778.45,775.77,777.18
777.5,1772706600,779.27,776.21,776.98
777.85,1772706900,780.65,776.77,777.41
774.45,1772707200,777.74,774.04,777.43
773.82,1772707500,774.8,772.39,774.4
772.19,1772707800,774.29,771.3,773.76
771.46,1772708100,773.42,770.68,772.07
774.17,1772708400,775.26,770.8,771.38
778.62,1772708700,778.62,773.24,774.35
781.45,1772709000,782.57,777.99,778.44
786.14,1772709300,787.29,780.8,781.87
790.96,1772709600,790.96,785.08,785.82
787.95,1772709900,791.7,786.57,791.06
787.13,1772710200,787.95,783.92,787.7
789.95,1772710500,790.91,786.99,787.19
788.41,1772710800,791.17,787.64,790.22
790.82,1772711100,791.43,788.3,788.64
789.23,1772711400,791.55,788.37,791.01
784.53,1772711700,789.37,783.38,789.37
785.94,1772712000,786.53,784.17,784.72
790.1,1772712300,790.33,785.62,785.87
788.44,1772712600,790.62,787.84,789.82
788.7,1772712900,790.84,788.21,788.58
785.35,1772713200,788.61,785.13,788.54
786.91,1772713500,787.66,784.66,785.27
786.63,1772713800,788.01,785.09,786.89
787.22,1772714100,788.17,786.4,786.49
784.89,1772714400,788.19,784.44,787.47
785.08,1772714700,785.98,783.78,784.58
786.44,1772715000,786.94,783.55,785.33
791.42,1772715300,791.45,786.54,786.54
789.64,1772715600,792.33,789.04,791.8
787.96,1772715900,790.41,787.08,789.63
785.39,1772716200,788.21,784.66,787.97
785.92,1772716500,786.68,782.88,785.28
786.64,1772716800,788.07,785.29,785.57
784.95,1772717100,787.13,783.69,786.36
784.65,1772717400,786.23,783.92,785.08
781.48,1772717700,784.66,781.48,784.62
781.02,1772718000,782.73,779.86,781.43
781.31,1772718300,782.8,780.26,781.42
782.08,1772718600,782.29,779.39,781.35
780.38,1772718900,782.16,779.59,782.04
780.83,1772719200,782.38,780.23,780.23
783.85,1772719500,786.3,780.91,780.93
786.05,1772719800,788.76,783.6,783.6
784.45,1772720100,787.25,784.35,786.09
784.38,1772720400,785.93,783.3,784.29
784.61,1772720700,785.35,782.78,784.14
781.92,1772721000,786.0,781.92,784.69
780.02,1772721300,781.85,778.86,781.85
785.27,1772721600,786.48,780.2,780.2
784.44,1772721900,785.62,782.3,785.27
783.56,1772722200,786.8,783.14,784.27
782.95,1772722500,784.03,781.75,783.39
783.47,1772722800,784.75,782.49,783.51
780.41,1772723100,783.68,780.41,783.3
777.14,1772723400,780.45,775.34,780.45
772.86,1772723700,777.49,772.86,777.49
774.3,1772724000,774.78,772.07,772.95
774.34,1772724300,774.62,771.63,774.17
773.61,1772724600,775.56,772.78,774.23
776.03,1772724900,776.26,773.36,773.68
778.05,1772725200,778.61,774.89,776.08
775.57,1772725500,778.14,774.22,777.98
778.28,1772725800,778.52,774.36,775.81
776.85,1772726100,779.46,775.87,778.33
776.73,1772726400,778.2,776.03,776.79
776.58,1772726700,777.63,776.23,776.81
780.28,1772727000,780.84,776.11,776.93
781.6,1772727300,781.6,778.82,780.07
778.24,1772727600,781.54,777.92,781.54
778.28,1772727900,778.9,775.94,778.21
774.22,1772728200,779.81,774.22,778.27
776.34,1772728500,777.77,773.62,774.17
771.11,1772728800,777.19,770.63,776.03
770.63,1772729100,771.8,768.25,771.11
772.99,1772729400,773.42,771.0,771.0
768.58,1772729700,773.5,768.03,773.5
769.32,1772730000,771.71,767.89,768.56
768.14,1772730300,770.55,767.39,769.27
768.35,1772730600,769.26,766.86,768.17
772.73,1772730900,772.75,768.17,768.59
774.86,1772731200,775.39,772.54,772.73
776.35,1772731500,776.67,774.19,774.71
773.09,1772731800,776.44,772.88,776.27
771.23,1772732100,773.23,770.29,773.23
770.32,1772732400,771.8,768.57,770.9
771.89,1772732700,772.96,769.45,770.14
771.84,1772733000,773.54,770.88,772.15
773.42,1772733300,774.08,771.11,771.66
774.93,1772733600,776.34,772.54,773.54
774.15,1772733900,777.42,773.99,774.9
773.08,1772734200,777.07,772.76,774.13
769.53,1772734500,773.61,769.21,773.41
772.41,1772734800,773.21,769.42,769.8
769.79,1772735100,773.12,769.39,772.75
773.28,1772735400,775.67,769.53,770.07
773.28,1772735700,776.63,772.95,773.15
770.21,1772736000,773.04,768.67,773.04
769.1,1772736300,772.68,768.65,770.11
769.26,1772736600,770.37,767.18,769.2
770.6,1772736900,771.0,768.77,769.1
769.33,1772737200,771.2,768.83,770.54
769.55,1772737500,771.31,768.92,769.17
768.88,1772737800,770.49,768.06,769.63
770.55,1772738100,771.11,768.84,769.0
774.86,1772738400,774.9,770.22,770.24
773.53,1772738700,776.4,773.23,774.91
775.32,1772739000,777.41,772.79,773.37
779.57,1772739300,779.61,773.7,775.02
777.82,1772739600,779.61,776.55,779.61
780.67,1772739900,781.12,777.33,777.59
781.28,1772740200,782.4,778.7,780.42
782.04,1772740500,782.87,780.58,781.29
785.13,1772740800,785.5,781.62,782.15
785.21,1772741100,785.99,783.91,785.18
784.7,1772741400,785.98,784.13,785.24
788.88,1772741700,788.88,784.71,784.89
787.44,1772742000,788.96,786.51,788.72
789.81,1772742300,790.42,786.14,787.13
790.11,1772742600,792.02,789.51,789.9
789.39,1772742900,790.3,786.6,790.1
791.9,1772743200,792.31,789.14,789.14
793.96,1772743500,794.13,790.84,792.06
793.11,1772743800,796.34,793.11,794.14
794.01,1772744100,795.26,792.68,793.58
792.96,1772744400,793.96,790.23,793.92
791.6,1772744700,793.07,790.37,793.07
795.21,1772745000,795.61,791.43,791.47
798.14,1772745300,799.32,794.29,795.17
794.75,1772745600,798.51,794.0,798.21
794.64,1772745900,796.76,794.34,794.67
793.66,1772746200,795.2,791.92,794.74
797.9,1772746500,797.96,793.48,793.73
798.82,1772746800,799.99,797.54,797.83
800.8,1772747100,800.92,797.58,798.5
801.73,1772747400,802.14,799.64,800.76
807.86,1772747700,808.26,801.09,801.95
805.82,1772748000,808.95,805.56,808.28
813.28,1772748300,813.58,805.58,805.75
810.3,1772748600,814.48,809.94,813.09
807.77,1772748900,810.41,806.81,810.16
811.15,1772749200,811.15,807.72,807.8
811.0,1772749500,812.76,810.21,811.38
811.36,1772749800,812.21,809.96,811.12
811.91,1772750100,812.67,810.26,811.46
809.48,1772750400,811.71,807.5,811.71
808.54,1772750700,810.34,807.25,809.99
809.15,1772751000,809.94,805.85,808.57
803.3,1772751300,808.98,802.62,808.91
801.59,1772751600,803.75,800.97,803.35
802.7,1772751900,802.7,800.01,801.62
808.18,1772752200,808.18,802.75,802.79
807.91,1772752500,809.91,806.76,807.85
808.88,1772752800,810.23,807.47,807.67
808.39,1772753100,810.05,807.5,808.89
809.29,1772753400,809.29,805.75,808.22
810.73,1772753700,811.76,808.5,809.33
809.6,1772754000,811.95,807.95,810.39
807.57,1772754300,809.98,806.27,809.66
804.23,1772754600,808.15,803.67,807.42
801.7,1772754900,804.24,800.37,804.24
803.93,1772755200,804.09,799.84,801.51
801.82,1772755500,803.83,800.39,803.83
802.06,1772755800,804.95,801.54,801.54
802.55,1772756100,803.93,800.36,801.97
802.18,1772756400,803.84,801.27,802.35
799.5,1772756700,803.96,799.38,802.3
801.86,1772757000,802.44,798.89,799.71
801.12,1772757300,802.04,798.85,801.86
804.4,1772757600,804.5,800.98,801.37
805.68,1772757900,806.37,803.87,804.51
805.24,1772758200,807.38,804.33,805.38
808.22,1772758500,808.22,803.91,805.27
812.6,1772758800,812.86,807.44,808.25
816.1,1772759100,816.31,810.67,812.28
818.4,1772759400,819.71,816.5,816.5
818.63,1772759700,820.63,817.51,818.54
816.22,1772760000,819.06,815.93,819.06
815.28,1772760300,817.93,813.52,816.56
816.34,1772760600,816.47,813.56,815.18
815.42,1772760900,819.65,814.1,816.65
814.73,1772761200,817.03,813.09,815.5
814.02,1772761500,815.37,813.2,814.93
810.5,1772761800,814.8,810.16,814.31
804.97,1772762100,811.34,804.88,811.03
805.62,1772762400,807.39,804.97,805.07
803.88,1772762700,805.45,802.58,805.45
800.93,1772763000,804.19,800.93,803.8
800.3,1772763300,802.86,799.19,800.92
796.04,1772763600,800.43,796.04,800.02
795.16,1772763900,797.56,793.42,796.26
791.74,1772764200,795.16,791.66,794.71
795.72,1772764500,797.68,791.54,791.88
795.66,1772764800,797.4,794.71,795.77
794.98,1772765100,797.62,794.57,795.92
798.29,1772765400,798.85,794.35,794.82
799.42,1772765700,800.57,797.57,798.4
801.56,1772766000,804.32,799.6,799.6
794.05,1772766300,801.54,793.43,801.54
793.22,1772766600,794.59,792.3,794.0
793.97,1772766900,794.82,791.87,792.85
797.13,1772767200,797.33,793.04,793.89
800.5,1772767500,800.5,796.38,797.06
799.09,1772767800,800.62,797.76,800.62
800.47,1772768100,801.62,797.81,799.28
801.46,1772768400,801.54,798.78,800.48
794.81,1772768700,801.73,794.81,801.61
794.25,1772769000,796.79,793.16,794.42
797.72,1772769300,798.12,794.12,794.33
798.2,1772769600,799.29,796.45,797.69
796.7,1772769900,798.48,795.47,798.34
793.71,1772770200,796.52,792.65,796.52
792.71,1772770500,793.54,790.71,793.4
793.92,1772770800,794.12,789.71,792.45
793.47,1772771100,795.87,793.19,793.94
791.34,1772771400,795.49,790.99,793.21
794.23,1772771700,795.2,789.96,791.31
792.38,1772772000,794.13,791.52,794.06
798.15,1772772300,799.49,792.76,792.76
799.5,1772772600,799.5,796.43,798.35
799.67,1772772900,801.98,797.3,799.59
796.58,1772773200,799.9,794.49,799.9
796.05,1772773500,799.67,795.66,796.64
797.35,1772773800,798.66,796.06,796.31
791.45,1772774100,797.63,791.0,796.83
792.41,1772774400,792.74,790.62,791.47
793.49,1772774700,793.49,790.15,792.17
793.01,1772775000,794.69,791.26,793.46
796.11,1772775300,797.37,793.34,793.45
797.11,1772775600,798.22,794.36,796.17
795.31,1772775900,797.61,794.77,797.2
801.12,1772776200,801.12,795.23,795.23
800.37,1772776500,802.8,798.83,801.16
799.81,1772776800,801.03,797.7,800.63
802.04,1772777100,802.36,798.29,799.67
802.23,1772777400,803.05,800.78,802.16
803.95,1772777700,804.82,800.83,802.08
801.05,1772778000,805.53,800.58,803.97
804.23,1772778300,804.23,800.47,800.95
804.84,1772778600,807.89,803.9,804.4
805.53,1772778900,805.69,802.81,805.05
806.11,1772779200,807.76,804.91,805.58
803.77,1772779500,806.43,803.66,806.43
801.88,1772779800,803.98,800.03,803.98
797.7,1772780100,802.15,797.3,801.86
795.59,1772780400,798.08,793.49,797.92
794.1,1772780700,797.31,794.05,795.84
793.19,1772781000,794.31,791.33,794.09
791.64,1772781300,794.52,790.96,793.21
788.41,1772781600,791.69,788.22,791.52
784.45,1772781900,788.84,784.3,788.84
788.52,1772782200,789.38,784.68,784.8
788.49,1772782500,788.85,785.33,788.58
788.39,1772782800,789.91,785.55,788.56
790.81,1772783100,791.91,787.63,788.57
791.81,1772783400,792.64,789.83,790.87
791.58,1772783700,793.1,790.26,791.99
790.1,1772784000,791.96,789.39,791.38
792.74,1772784300,793.18,789.73,790.02
794.74,1772784600,795.8,791.99,792.63
792.95,1772784900,794.28,792.42,794.28
794.45,1772785200,795.82,792.42,792.84
796.08,1772785500,797.19,793.67,794.39
801.2,1772785800,801.43,795.86,796.02
803.28,1772786100,803.82,800.32,801.22
802.87,1772786400,803.42,801.09,802.93
793.92,1772786700,803.68,793.92,803.1
793.74,1772787000,795.63,791.53,793.84
792.63,1772787300,794.56,791.22,793.84
791.85,1772787600,794.88,791.71,792.26
790.2,1772787900,792.16,789.67,791.9
795.57,1772788200,796.29,789.62,790.24
794.76,1772788500,795.78,792.41,795.44
794.95,1772788800,796.11,792.78,794.85
793.06,1772789100,796.09,792.73,794.8
790.65,1772789400,793.13,790.15,792.81
792.91,1772789700,792.91,790.64,790.8
790.91,1772790000,792.91,790.62,792.75
794.88,1772790300,795.23,790.46,791.39
792.58,1772790600,795.28,792.56,794.79
791.79,1772790900,793.97,791.32,792.6
789.71,1772791200,793.5,788.41,791.66
788.81,1772791500,789.9,787.38,789.36
784.85,1772791800,788.9,784.48,788.9
784.85,1772792100,785.56,782.74,784.73
790.47,1772792400,791.09,784.84,784.96
794.85,1772792700,794.85,790.44,790.44
793.17,1772793000,796.77,791.94,794.65
793.69,1772793300,793.94,790.61,793.19
796.41,1772793600,796.6,793.13,793.42
800.39,1772793900,801.58,795.85,796.46
803.7,1772794200,803.87,800.29,800.49
804.85,1772794500,805.97,801.58,803.57
806.17,1772794800,808.23,804.37,804.61
805.38,1772795100,806.81,803.5,806.15
807.32,1772795400,807.71,804.36,805.56
808.37,1772795700,808.79,806.76,807.37
813.39,1772796000,814.03,807.88,808.08
811.1,1772796300,814.03,810.2,813.68
816.4,1772796600,816.43,810.77,811.08
813.39,1772796900,817.24,813.39,816.02
815.66,1772797200,815.66,811.33,813.18
811.9,1772797500,815.91,811.54,815.91
809.71,1772797800,812.49,808.46,812.14
809.14,1772798100,811.51,808.57,809.95
807.18,1772798400,809.51,805.08,809.11
806.09,1772798700,807.64,804.11,807.09
801.11,1772799000,805.95,800.95,805.94
800.19,1772799300,802.87,799.15,801.05
798.4,1772799600,801.38,798.4,800.41
799.93,1772799900,800.27,798.22,798.51
796.81,1772800200,800.95,795.77,800.13
795.59,1772800500,797.41,795.46,796.94
800.63,1772800800,800.87,795.66,795.71
799.01,1772801100,801.49,798.61,800.93
797.38,1772801400,799.64,796.08,799.11
799.1,1772801700,800.06,797.22,797.28
797.55,1772802000,799.9,797.55,798.9
799.55,1772802300,799.55,797.29,797.53
801.66,1772802600,802.32,796.77,799.46
799.8,1772802900,803.11,798.97,801.55
794.62,1772803200,799.9,794.16,799.71
796.58,1772803500,797.54,794.22,794.52
790.85,1772803800,796.69,790.31,796.48
789.81,1772804100,791.59,789.26,790.33
794.86,1772804400,795.79,790.09,790.09
793.06,1772804700,794.95,791.69,794.58
793.25,1772805000,793.94,790.49,792.92
795.08,1772805300,796.63,793.36,793.72
794.67,1772805600,796.54,793.2,794.91
792.78,1772805900,796.19,791.88,794.44
796.79,1772806200,798.59,792.2,792.2
796.09,1772806500,798.57,795.88,796.93
797.6,1772806800,799.59,796.02,796.02
798.82,1772807100,800.57,797.78,797.78
799.71,1772807400,801.52,799.03,799.27
800.05,1772807700,800.93,798.71,799.65
801.35,1772808000,801.75,799.37,800.03
803.11,1772808300,804.39,801.23,801.23
802.37,1772808600,803.85,801.95,803.45
804.73,1772808900,805.39,801.97,802.64
802.79,1772809200,806.2,801.63,804.87
797.82,1772809500,803.61,797.05,802.81
798.66,1772809800,799.72,796.23,797.53
800.93,1772810100,802.79,798.67,798.67
796.3,1772810400,800.74,794.78,800.74
797.73,1772810700,797.73,794.23,796.5
795.58,1772811000,797.95,794.76,797.58
794.66,1772811300,797.42,794.66,795.6
797.53,1772811600,799.54,794.62,794.62
796.18,1772811900,797.42,794.92,797.42
796.38,1772812200,798.31,794.64,796.25
794.25,1772812500,796.08,793.17,796.08
795.0,1772812800,797.49,793.94,794.64
797.58,1772813100,797.58,793.75,794.97
799.88,1772813400,799.88,797.09,797.47
803.14,1772813700,803.19,798.36,800.12
803.01,1772814000,803.98,801.07,802.89
806.36,1772814300,806.36,801.24,803.07
802.27,1772814600,806.58,801.75,806.21
800.33,1772814900,804.35,799.34,802.47
799.96,1772815200,802.1,799.64,800.09
799.84,1772815500,801.0,796.82,799.73
800.13,1772815800,801.61,797.91,799.61
797.52,1772816100,802.25,797.21,800.26
799.05,1772816400,799.05,795.86,797.49
797.45,1772816700,800.41,796.77,799.05
795.81,1772817000,798.35,794.93,797.54
793.15,1772817300,796.23,792.35,796.0
792.01,1772817600,793.78,789.79,793.18
794.23,1772817900,795.52,790.8,791.98
794.89,1772818200,795.2,792.82,794.32
794.31,1772818500,794.83,790.96,794.57
793.85,1772818800,794.89,791.5,794.32
790.78,1772819100,794.65,790.52,793.93
798.03,1772819400,798.32,790.0,790.74
802.86,1772819700,802.92,796.91,797.87
805.7,1772820000,805.91,802.72,803.02
807.62,1772820300,808.83,804.45,806.09
807.74,1772820600,809.02,806.63,808.12
805.35,1772820900,808.34,805.22,807.68
807.05,1772821200,807.39,804.94,805.31
810.03,1772821500,810.93,806.01,807.08
811.96,1772821800,811.96,809.6,810.08
810.02,1772822100,813.29,809.38,812.09
807.09,1772822400,812.08,806.82,810.18
802.36,1772822700,807.02,801.91,807.02
798.45,1772823000,802.73,797.89,802.19
793.8,1772823300,799.63,793.09,798.59
795.31,1772823600,796.13,791.51,793.81
792.95,1772823900,795.89,790.71,795.12
794.75,1772824200,795.39,791.35,792.55
793.76,1772824500,795.86,792.74,794.91
795.72,1772824800,795.72,792.65,793.52
798.17,1772825100,798.17,794.92,795.79
797.09,1772825400,798.59,795.92,798.16
798.95,1772825700,801.58,796.1,796.86
798.79,1772826000,799.3,797.28,798.9
799.36,1772826300,800.3,798.07,798.79
796.06,1772826600,799.58,795.35,799.58
795.97,1772826900,797.68,795.27,795.9
793.77,1772827200,797.53,793.69,795.94
793.59,1772827500,797.37,792.84,793.86
794.27,1772827800,794.81,792.51,793.46
796.83,1772828100,797.43,792.68,794.32
797.64,1772828400,800.25,796.6,796.81
795.43,1772828700,797.89,795.07,797.56
796.0,1772829000,797.61,794.83,795.7
796.44,1772829300,798.68,795.79,796.18
795.59,1772829600,797.67,794.22,796.34
795.57,1772829900,796.14,793.67,795.37
794.62,1772830200,795.62,791.57,795.62
791.18,1772830500,796.1,791.18,794.66
791.42,1772830800,792.78,790.12,791.06
790.2,1772831100,792.88,790.11,791.46
791.71,1772831400,792.07,790.02,790.46
790.35,1772831700,791.83,789.5,791.59
786.62,1772832000,791.16,786.35,790.46
783.88,1772832300,787.23,782.94,786.62
784.04,1772832600,784.35,781.89,784.03
783.85,1772832900,785.29,783.16,784.16
784.07,1772833200,787.48,782.63,783.79
785.93,1772833500,786.15,782.23,784.33
783.63,1772833800,786.25,783.63,785.76
782.92,1772834100,784.26,781.53,783.45
782.69,1772834400,785.3,782.61,782.99
781.35,1772834700,784.12,781.3,782.88
776.22,1772835000,781.72,775.93,781.5
778.81,1772835300,779.81,776.42,776.42
778.55,1772835600,780.65,777.73,778.5
773.46,1772835900,778.68,772.69,778.67
773.47,1772836200,773.47,770.62,773.29
771.89,1772836500,774.13,770.84,773.52
771.55,1772836800,773.42,769.85,771.99
772.59,1772837100,773.63,770.83,771.52
771.31,1772837400,773.29,770.82,772.41
772.42,1772837700,773.5,770.25,770.97
773.43,1772838000,774.32,770.75,772.38
772.9,1772838300,774.47,772.33,773.24
775.76,1772838600,776.74,772.27,772.53
775.66,1772838900,777.34,772.11,775.56
775.35,1772839200,776.12,774.08,775.63
773.7,1772839500,776.94,773.68,775.52
773.44,1772839800,774.71,772.42,773.9
773.91,1772840100,774.76,770.97,773.7
772.77,1772840400,775.09,772.13,774.17
770.67,1772840700,773.19,770.24,772.65
767.84,1772841000,772.66,767.66,770.91
769.13,1772841300,771.42,767.94,768.09
768.45,1772841600,770.76,767.29,769.25
765.39,1772841900,768.97,765.08,768.6
770.34,1772842200,770.49,764.81,765.42
767.44,1772842500,770.5,766.98,770.36
767.53,1772842800,767.82,765.88,767.41
767.11,1772843100,768.48,766.0,767.5
766.54,1772843400,768.85,765.9,766.97
762.59,1772843700,766.55,761.17,766.51
761.09,1772844000,763.0,759.02,762.49
760.95,1772844300,762.79,760.04,761.19
761.4,1772844600,762.2,758.8,760.67
760.45,1772844900,762.81,759.39,761.59
758.79,1772845200,760.53,757.59,760.21
759.78,1772845500,760.21,757.73,758.57
754.37,1772845800,760.34,753.02,759.9
754.34,1772846100,756.53,753.83,754.44
750.77,1772846400,754.8,748.97,754.08
750.04,1772846700,751.03,748.89,750.76
749.71,1772847000,750.2,747.8,750.2
745.22,1772847300,749.79,744.47,749.58
745.74,1772847600,747.13,744.41,744.7
745.78,1772847900,747.7,744.75,745.92
747.83,1772848200,748.41,745.22,745.83
746.26,1772848500,748.32,744.81,747.62
745.95,1772848800,747.78,745.66,746.41
745.86,1772849100,746.36,744.25,746.07
745.64,1772849400,746.98,744.2,745.95
749.4,1772849700,750.36,744.88,745.62
749.81,1772850000,750.52,747.46,749.34
748.94,1772850300,750.64,747.9,749.98
750.51,1772850600,750.56,748.35,748.8
754.27,1772850900,755.15,750.46,750.46
752.93,1772851200,754.53,752.5,754.16
754.95,1772851500,755.35,752.74,753.21
757.32,1772851800,758.54,754.42,755.02
757.64,1772852100,758.17,756.02,757.06
760.78,1772852400,760.78,757.58,757.58
757.39,1772852700,760.69,757.17,760.66
761.55,1772853000,762.54,757.48,757.51
758.67,1772853300,762.25,758.59,761.58
759.43,1772853600,759.83,757.38,758.76
759.06,1772853900,761.6,758.89,759.47
761.72,1772854200,761.77,756.84,758.98
760.97,1772854500,762.65,759.24,761.57
761.06,1772854800,761.59,758.69,760.71
763.13,1772855100,763.28,759.93,761.23
763.59,1772855400,764.67,763.17,763.26
762.76,1772855700,764.24,761.78,763.93
760.62,1772856000,763.7,760.25,762.77
760.12,1772856300,761.55,759.55,760.72
761.03,1772856600,761.75,759.35,760.21
761.89,1772856900,763.46,760.21,761.05
762.82,1772857200,764.25,760.43,761.92
758.53,1772857500,762.78,757.2,762.78
758.08,1772857800,759.6,757.36,758.52
760.63,1772858100,762.04,757.4,757.83
763.77,1772858400,765.0,759.91,760.43
759.81,1772858700,764.33,759.81,763.86
758.89,1772859000,760.3,758.15,759.74
758.86,1772859300,760.57,757.99,758.53
762.49,1772859600,762.49,758.12,759.0
759.71,1772859900,762.23,758.65,762.19
758.83,1772860200,761.33,758.83,759.56
760.68,1772860500,760.71,758.18,758.84
759.19,1772860800,761.41,758.93,760.71
761.51,1772861100,762.16,758.87,759.42
762.16,1772861400,762.89,760.92,761.51
761.62,1772861700,764.88,761.56,762.07
761.48,1772862000,762.98,760.33,761.52
759.59,1772862300,763.25,759.27,761.15
760.28,1772862600,760.91,758.57,759.62
757.26,1772862900,761.41,757.17,760.19
760.01,1772863200,760.86,756.96,757.42
756.38,1772863500,760.49,755.87,760.12
753.08,1772863800,756.56,753.08,756.2
752.65,1772864100,753.62,751.43,752.98
751.01,1772864400,753.5,750.78,752.87
748.53,1772864700,751.92,747.51,751.05
748.23,1772865000,749.5,747.26,748.64
751.94,1772865300,752.37,748.27,748.27
748.7,1772865600,752.11,748.2,751.84
751.31,1772865900,751.31,746.85,748.58
749.54,1772866200,751.37,747.61,751.37
748.04,1772866500,750.44,748.0,749.48
752.1,1772866800,752.21,747.79,748.02
753.16,1772867100,753.91,751.32,752.05
754.62,1772867400,755.79,752.38,752.95
757.34,1772867700,757.45,754.33,754.52
754.77,1772868000,757.45,754.47,757.06
752.07,1772868300,755.45,752.07,754.97
751.37,1772868600,753.36,751.0,751.92
751.56,1772868900,753.53,749.42,751.15
750.36,1772869200,752.15,749.67,751.79
747.53,1772869500,750.56,747.53,750.29
750.16,1772869800,751.3,747.67,747.84
750.03,1772870100,751.95,749.17,750.28
754.19,1772870400,754.19,749.7,749.84
756.01,1772870700,756.53,752.55,753.93
750.8,1772871000,756.05,749.83,756.04
749.35,1772871300,751.81,748.14,750.87
747.46,1772871600,749.4,747.04,749.33
748.78,1772871900,748.78,745.65,747.63
746.95,1772872200,750.05,745.87,748.98
749.77,1772872500,751.42,746.4,746.83
750.79,1772872800,751.92,749.42,749.62
750.37,1772873100,751.66,749.62,751.06
751.09,1772873400,751.59,749.1,750.39
750.92,1772873700,752.3,750.13,751.13
749.63,1772874000,751.72,748.81,751.29
751.16,1772874300,752.95,749.03,749.75
754.04,1772874600,754.09,750.55,750.66
754.54,1772874900,755.6,753.79,754.09
756.28,1772875200,756.38,753.8,754.21
752.85,1772875500,757.18,752.69,756.02
750.59,1772875800,753.52,750.49,752.69
750.83,1772876100,751.82,749.44,750.7
754.76,1772876400,754.8,750.71,750.94
762.25,1772876700,763.87,754.56,754.56
762.43,1772877000,763.42,761.54,762.44
757.04,1772877300,762.68,756.93,762.54
758.12,1772877600,758.86,756.55,757.05
757.63,1772877900,759.85,756.69,758.21
757.12,1772878200,761.64,757.11,757.75
760.27,1772878500,761.03,757.32,757.32
762.33,1772878800,763.06,759.93,760.43
762.8,1772879100,763.93,761.47,762.46
760.96,1772879400,762.53,760.44,762.53
758.54,1772879700,760.63,757.97,760.63
760.68,1772880000,760.85,757.82,758.49
761.13,1772880300,762.57,759.99,760.8
755.96,1772880600,762.32,755.96,761.19
755.76,1772880900,757.55,755.08,756.05
761.53,1772881200,761.53,755.96,755.96
757.74,1772881500,762.14,757.74,761.85
758.09,1772881800,760.63,757.62,757.62
757.73,1772882100,759.12,756.44,757.73
759.71,1772882400,761.35,757.63,757.85
764.02,1772882700,764.16,758.95,759.52
766.14,1772883000,766.14,762.7,763.99
763.69,1772883300,767.27,763.69,766.15
756.22,1772883600,763.7,756.05,763.7
760.07,1772883900,760.07,756.07,756.07
757.77,1772884200,760.3,756.91,759.98
759.34,1772884500,759.99,756.92,757.88
759.61,1772884800,761.75,758.55,759.24
765.52,1772885100,765.52,759.45,759.92
765.32,1772885400,766.68,763.15,765.52
768.45,1772885700,769.13,764.74,765.21
772.87,1772886000,773.18,768.28,768.28
775.69,1772886300,775.69,772.25,772.82
778.47,1772886600,778.49,775.21,775.91
774.82,1772886900,778.54,774.52,778.54
777.66,1772887200,778.56,773.93,774.6
777.42,1772887500,778.11,775.17,777.58
776.25,1772887800,777.33,774.38,777.31
774.69,1772888100,777.48,773.96,776.54
775.6,1772888400,777.19,774.28,774.86
774.65,1772888700,777.01,773.81,775.75
773.11,1772889000,776.36,773.11,774.71
775.04,1772889300,775.72,773.15,773.15
774.62,1772889600,776.1,773.11,774.88
770.94,1772889900,775.09,770.92,774.49
770.48,1772890200,771.4,769.73,770.94
767.35,1772890500,771.71,767.27,771.16
767.58,1772890800,770.62,766.9,766.9
768.96,1772891100,770.13,766.89,767.61
770.83,1772891400,771.13,767.29,768.91
770.62,1772891700,771.73,770.18,771.1
772.04,1772892000,773.83,769.87,770.13
770.1,1772892300,773.11,768.54,772.32
769.48,1772892600,771.42,768.69,769.98
770.92,1772892900,772.58,768.85,769.4
768.25,1772893200,772.33,767.28,770.86
766.96,1772893500,769.52,765.74,768.2
762.44,1772893800,766.85,761.78,766.81
760.54,1772894100,763.25,760.54,762.59
760.38,1772894400,762.62,759.15,760.81
760.31,1772894700,761.72,759.16,760.13
759.91,1772895000,762.48,759.15,760.37
763.0,1772895300,763.46,759.28,759.96
761.63,1772895600,763.62,761.0,763.02
758.13,1772895900,761.47,756.57,761.47
759.93,1772896200,760.21,757.45,757.92
764.47,1772896500,764.47,759.46,759.46
765.98,1772896800,768.87,763.49,764.58
766.22,1772897100,766.56,764.05,765.99
765.17,1772897400,767.61,763.89,766.14
765.09,1772897700,765.83,763.43,765.21
767.05,1772898000,767.22,764.16,765.12
761.74,1772898300,766.98,759.59,766.94
760.22,1772898600,761.99,759.33,761.81
758.31,1772898900,762.09,757.79,760.47
760.43,1772899200,760.94,756.21,758.34
759.64,1772899500,762.46,759.51,760.51
762.22,1772899800,762.86,759.17,759.6
766.21,1772900100,766.5,760.88,762.49
768.96,1772900400,769.53,766.29,766.29
766.75,1772900700,770.18,766.75,769.21
766.23,1772901000,766.77,763.46,766.57
763.44,1772901300,767.35,763.23,766.59
764.12,1772901600,767.38,761.87,763.42
766.84,1772901900,766.84,763.27,764.28
768.01,1772902200,769.86,766.83,766.85
761.54,1772902500,768.22,760.65,768.12
759.09,1772902800,761.91,758.51,761.37
754.36,1772903100,759.23,754.02,759.06
760.02,1772903400,760.45,754.36,754.36
758.8,1772903700,760.92,758.8,760.02
760.45,1772904000,762.08,758.31,758.89
757.31,1772904300,760.57,756.49,760.48
757.14,1772904600,758.32,755.23,757.47
755.5,1772904900,758.55,755.5,756.85
756.76,1772905200,757.6,755.25,755.43
755.29,1772905500,756.6,753.95,756.6
757.06,1772905800,757.36,754.49,755.15
755.19,1772906100,757.12,754.22,757.12
757.12,1772906400,757.69,755.33,755.33
753.94,1772906700,757.57,753.94,756.9
754.49,1772907000,756.74,753.02,753.83
758.01,1772907300,758.54,753.53,754.35
761.71,1772907600,762.29,757.68,758.21
761.38,1772907900,762.37,759.15,761.93
762.38,1772908200,763.04,761.31,761.37
763.11,1772908500,764.86,761.87,762.46
761.06,1772908800,763.33,760.04,763.33
761.6,1772909100,763.93,761.06,761.07
761.82,1772909400,763.68,760.94,761.7
759.83,1772909700,762.18,758.91,761.71
758.76,1772910000,760.51,757.54,760.02
758.4,1772910300,759.52,757.38,758.63
758.97,1772910600,760.58,756.33,758.26
761.83,1772910900,761.83,758.98,758.98
764.2,1772911200,764.58,761.02,761.66
764.4,1772911500,766.53,763.71,764.29
765.26,1772911800,766.63,763.37,764.42
763.17,1772912100,765.59,762.37,764.92
764.46,1772912400,765.3,761.53,763.27
765.7,1772912700,765.96,763.71,764.82
764.81,1772913000,767.15,764.43,765.72
761.84,1772913300,764.83,760.17,764.7
759.48,1772913600,763.04,759.33,761.8
760.32,1772913900,762.38,758.08,759.76
759.64,1772914200,762.86,759.06,760.31
759.83,1772914500,759.92,756.54,759.92
757.86,1772914800,760.45,757.04,759.9
758.79,1772915100,760.15,757.62,757.62
761.3,1772915400,761.55,758.96,758.96
759.07,1772915700,762.1,758.75,761.12
760.42,1772916000,760.57,757.24,758.85
756.67,1772916300,760.6,755.02,760.35
753.29,1772916600,756.75,753.07,756.59
753.29,1772916900,754.77,752.13,753.52
755.62,1772917200,756.56,752.46,752.98
758.76,1772917500,758.92,755.13,755.26
758.57,1772917800,761.18,757.4,758.5
760.54,1772918100,761.82,758.44,758.67
760.46,1772918400,761.55,758.79,760.25
755.99,1772918700,761.38,755.79,760.83
758.38,1772919000,759.73,755.87,755.87
758.34,1772919300,759.63,756.34,758.62
760.15,1772919600,761.12,758.25,758.25
758.83,1772919900,760.87,757.82,760.23
760.12,1772920200,761.8,758.89,758.89
760.35,1772920500,760.46,757.7,760.32
758.84,1772920800,761.6,758.84,760.12
754.22,1772921100,759.1,754.22,758.65
752.76,1772921400,754.98,751.62,754.05
753.72,1772921700,755.39,751.88,752.72
751.38,1772922000,754.58,750.72,753.74
749.11,1772922300,752.08,747.54,751.27
747.52,1772922600,749.46,746.71,748.9
748.24,1772922900,749.35,747.38,747.38
745.72,1772923200,748.18,744.92,748.13
746.63,1772923500,747.09,744.82,745.55
745.52,1772923800,747.93,745.51,746.82
745.8,1772924100,747.73,745.18,745.48
746.2,1772924400,747.91,744.78,745.82
746.53,1772924700,748.59,744.36,746.17
745.44,1772925000,747.92,745.27,746.89
744.28,1772925300,746.59,743.01,745.31
745.37,1772925600,745.89,742.33,744.34
739.42,1772925900,746.07,738.83,745.31
736.12,1772926200,739.49,735.27,739.22
733.78,1772926500,737.36,733.78,736.1
735.78,1772926800,737.62,733.19,733.75
736.37,1772927100,737.93,735.89,735.97
734.17,1772927400,737.64,734.17,736.49
734.64,1772927700,735.73,733.04,733.97
731.5,1772928000,735.34,731.0,734.68
728.72,1772928300,731.49,728.31,731.27
727.8,1772928600,729.23,726.9,728.78
726.52,1772928900,729.2,726.08,727.8
727.8,1772929200,727.99,726.13,726.61
730.47,1772929500,731.07,727.63,727.63
728.18,1772929800,731.28,727.5,730.55
727.85,1772930100,729.12,727.29,727.97
725.09,1772930400,728.33,724.57,727.82
724.51,1772930700,725.52,723.4,724.87
725.3,1772931000,727.17,724.74,724.94
725.93,1772931300,727.9,724.82,725.31
725.73,1772931600,728.77,725.65,726.46
727.6,1772931900,727.86,724.45,725.58
725.79,1772932200,727.82,723.54,727.5
727.08,1772932500,727.12,724.63,725.91
725.29,1772932800,727.09,723.58,726.98
722.87,1772933100,725.6,722.19,725.21
726.39,1772933400,727.21,722.8,723.06
725.63,1772933700,727.83,725.07,726.58
727.72,1772934000,729.07,724.76,725.43
725.78,1772934300,728.94,725.77,727.44
722.74,1772934600,726.05,721.89,725.98
723.44,1772934900,725.06,722.71,722.74
724.8,1772935200,724.95,722.97,723.4
724.31,1772935500,725.27,723.25,725.1
725.01,1772935800,725.2,722.52,724.33
722.68,1772936100,725.27,720.96,725.27
722.14,1772936400,722.91,720.75,722.35
720.66,1772936700,722.76,719.43,722.29
720.41,1772937000,723.01,720.23,720.84
719.8,1772937300,722.06,719.09,720.11
719.73,1772937600,721.91,719.22,719.52
723.15,1772937900,723.15,718.72,719.67
723.53,1772938200,724.09,721.26,722.99
723.04,1772938500,724.88,721.49,723.79
719.68,1772938800,723.72,719.68,723.3
722.64,1772939100,722.64,718.39,719.76
721.24,1772939400,722.9,720.66,722.5
722.68,1772939700,723.24,720.41,721.42
720.15,1772940000,722.82,719.27,722.7
722.06,1772940300,722.56,719.24,719.99
718.53,1772940600,722.21,717.91,721.89
723.79,1772940900,723.79,718.61,718.61
720.9,1772941200,724.15,719.37,723.65
723.96,1772941500,724.15,720.13,721.0
727.12,1772941800,727.59,723.97,724.12
725.59,1772942100,727.78,725.2,727.01
723.47,1772942400,725.79,723.45,725.41
724.62,1772942700,724.71,722.25,723.36
724.33,1772943000,727.77,724.33,724.58
723.59,1772943300,724.27,721.47,723.88
721.24,1772943600,724.64,721.24,723.79
719.3,1772943900,722.25,719.13,721.17
722.57,1772944200,722.57,718.18,719.07
720.15,1772944500,723.54,720.15,722.64
717.29,1772944800,720.56,716.06,720.21
715.95,1772945100,718.61,715.22,717.03
713.79,1772945400,716.4,713.07,716.13
712.08,1772945700,714.67,711.67,713.72
711.3,1772946000,714.28,710.15,711.96
713.12,1772946300,713.41,710.87,711.37
709.17,1772946600,713.54,708.75,713.03
706.36,1772946900,710.07,706.22,709.47
704.28,1772947200,706.34,704.07,706.34
704.97,1772947500,705.58,703.1,704.32
707.9,1772947800,709.34,704.88,704.88
712.77,1772948100,713.91,708.18,708.18
707.99,1772948400,713.45,707.28,713.08
704.58,1772948700,707.97,704.18,707.87
704.05,1772949000,704.86,702.8,704.45
703.83,1772949300,705.47,702.59,704.09
704.44,1772949600,704.49,701.73,703.49
701.38,1772949900,704.51,700.07,704.51
700.25,1772950200,701.75,699.67,701.4
699.96,1772950500,700.74,698.0,700.35
697.91,1772950800,700.47,696.37,699.98
695.77,1772951100,698.47,694.83,697.87
697.77,1772951400,697.77,694.58,696.01
695.57,1772951700,698.12,695.31,697.93
695.05,1772952000,697.5,694.86,695.46
692.62,1772952300,694.57,692.23,694.57
691.28,1772952600,692.69,691.07,692.69
688.67,1772952900,691.96,688.12,691.28
685.73,1772953200,688.92,684.81,688.92
686.67,1772953500,688.35,684.79,685.81
682.38,1772953800,686.93,682.38,686.77
682.32,1772954100,684.36,681.98,682.4
680.75,1772954400,683.39,679.77,682.5
679.99,1772954700,681.35,679.03,680.43
680.14,1772955000,681.96,679.82,680.13
679.13,1772955300,682.01,679.05,680.06
680.89,1772955600,682.14,679.17,679.23
684.65,1772955900,685.04,680.47,680.74
683.88,1772956200,685.78,683.29,684.62
682.04,1772956500,684.08,681.24,683.85
682.72,1772956800,683.46,681.69,681.76
681.15,1772957100,682.98,679.68,682.93
680.88,1772957400,682.19,680.18,681.21
681.71,1772957700,681.76,680.27,680.95
681.31,1772958000,681.99,679.28,681.8
681.93,1772958300,682.42,679.62,681.24
676.95,1772958600,681.76,676.76,681.76
675.65,1772958900,677.85,675.65,676.84
681.21,1772959200,681.41,675.66,675.95
682.24,1772959500,682.77,681.1,681.1
684.07,1772959800,685.45,682.33,682.4
682.99,1772960100,684.39,682.14,684.04
686.89,1772960400,687.01,682.69,682.84
688.1,1772960700,688.63,684.67,686.82
687.29,1772961000,688.75,686.65,687.74
689.1,1772961300,689.52,686.16,687.52
692.34,1772961600,693.09,688.54,688.68
691.52,1772961900,695.2,691.44,692.39
690.32,1772962200,693.26,689.85,691.89
692.06,1772962500,693.07,689.48,690.53
692.12,1772962800,692.84,691.35,692.16
688.64,1772963100,693.64,687.47,691.96
690.89,1772963400,691.34,688.34,688.71
691.38,1772963700,692.58,689.81,690.57
693.6,1772964000,694.7,690.97,691.43
696.02,1772964300,696.43,693.57,693.57
697.02,1772964600,697.54,695.46,696.04
696.01,1772964900,697.45,694.55,696.96
696.1,1772965200,698.75,696.07,696.44
694.95,1772965500,696.97,694.73,696.23
695.28,1772965800,695.6,692.79,694.83
699.38,1772966100,699.38,693.57,695.56
696.83,1772966400,699.94,696.2,699.29
695.69,1772966700,697.29,695.44,696.84
694.01,1772967000,696.1,692.51,695.89
692.35,1772967300,694.2,690.41,694.0
692.54,1772967600,695.09,692.24,692.38
688.96,1772967900,692.98,688.26,692.66
683.09,1772968200,689.16,680.88,689.16
684.42,1772968500,685.56,682.36,683.17
684.87,1772968800,686.0,684.1,684.38
679.34,1772969100,685.84,679.32,684.87
680.3,1772969400,680.83,678.54,679.34
682.8,1772969700,683.19,679.07,680.2
681.26,1772970000,683.83,680.4,682.82
684.19,1772970300,684.55,680.71,681.25
683.48,1772970600,684.94,682.55,684.66
683.1,1772970900,684.14,681.55,683.68
680.57,1772971200,683.29,680.48,683.05
683.53,1772971500,683.53,678.72,680.31
684.2,1772971800,685.11,683.72,683.99
684.85,1772972100,686.46,683.73,684.34
686.31,1772972400,687.15,684.27,684.91
690.06,1772972700,690.55,685.56,686.44
688.61,1772973000,691.42,688.61,690.09
685.14,1772973300,688.57,684.62,688.57
684.01,1772973600,685.49,683.17,685.03
686.03,1772973900,686.39,683.53,684.15
686.21,1772974200,687.91,685.75,685.96
690.08,1772974500,690.34,686.17,686.17
689.06,1772974800,690.94,688.02,689.93
688.61,1772975100,690.38,687.13,689.31
689.31,1772975400,689.44,687.4,688.75
687.64,1772975700,689.63,686.98,689.55
685.65,1772976000,689.23,685.61,687.83
683.92,1772976300,686.17,683.8,685.57
681.67,1772976600,684.71,679.34,684.02
680.19,1772976900,682.41,679.82,681.83
678.76,1772977200,680.12,678.07,679.89
679.13,1772977500,681.77,678.19,678.68
679.43,1772977800,679.96,678.59,678.91
679.4,1772978100,679.64,677.6,679.6
679.31,1772978400,680.69,678.09,679.57
678.69,1772978700,679.8,677.99,679.14
674.74,1772979000,678.99,674.57,678.71
675.08,1772979300,677.56,674.89,674.92
670.82,1772979600,675.65,670.75,675.34
673.49,1772979900,673.78,670.6,670.82
672.94,1772980200,673.82,671.87,673.46
671.49,1772980500,672.88,670.99,672.88
670.43,1772980800,672.17,669.56,671.59
672.15,1772981100,673.33,670.28,670.54
671.36,1772981400,672.52,670.39,672.4
672.33,1772981700,672.57,669.56,671.36
673.57,1772982000,674.16,672.41,672.41
674.1,1772982300,674.27,672.59,673.59
668.73,1772982600,674.76,668.73,674.29
664.62,1772982900,668.75,664.18,668.75
667.8,1772983200,668.22,663.4,664.64
665.37,1772983500,668.24,664.02,667.9
665.96,1772983800,666.77,664.84,665.34
669.22,1772984100,669.34,666.0,666.08
669.72,1772984400,671.71,669.16,669.4
671.05,1772984700,672.56,669.3,670.01
669.47,1772985000,671.47,668.71,671.13
670.56,1772985300,670.84,668.04,669.57
673.79,1772985600,673.79,669.5,670.36
674.92,1772985900,675.06,672.07,673.62
674.82,1772986200,677.13,674.21,675.18
673.98,1772986500,674.59,673.04,673.52
